quarter,UK real GDP,UK nominal GDP,UK CPI,UK unemployment rate,UK corporate profits,UK household income,UK residential property price index,UK commercial real estate price index - aggregate,UK commercial real estate price index - prime,UK commercial real estate price index - secondary,UK equity prices,Bank Rate,Sterling IG corporate bond spread,Sterling HY corporate bond spread,Secured lending to UK individuals,Consumer credit to UK individuals,Lending to UK PNFCs,PPP-weighted World real GDP,Oil price,Volatility index,GBP-EUR exchange rate index,GBP-USD exchange rate index,Euro area real GDP,France real GDP,Germany real GDP,Ireland real GDP,Euro area consumer price index,Euro area unemployment rate,ECB policy rate,Euro area residential property price index,Euro area commercial real estate price index,US real GDP,US unemployment rate,US equity prices,US policy rate,US residential real estate price index,US commercial real estate price index,US dollar IG corporate bond spread,US dollar HY corporate bond spread,China real GDP,China household income growth,China residential property price index,Hong Kong real GDP,Hong Kong unemployment rate,Hong Kong residential property price index,Hong Kong commercial real estate price index,India real GDP,Singapore real GDP,South Africa real GDP,period_kind
Q1 2000,351979.0,266240.0,72.1,5.8,129013.4,192956.0,38.2,,,,81.1,5.9,125.2,555.0,8.4,14.5,8.7,53.9,26.8,23.1,141.3,129.4,83.0,82.4,82.1,47.4,74.8,9.3,2.5,62.8,66.6,73.5,4.0,64.9,5.7,54.5,42.7,124.9,502.9,21.8,,,55.5,5.8,31.6,22.9,31.9,43.1,62.2,history
Q2 2000,354546.0,269907.0,72.7,5.5,128357.2,194761.0,38.8,,,,80.0,6.0,143.4,615.7,8.5,14.1,12.9,54.6,26.7,24.9,142.5,123.4,83.8,83.1,82.9,48.6,75.2,9.0,3.3,63.6,69.0,74.9,3.9,66.1,6.3,55.8,42.1,164.5,596.2,22.4,,,55.6,5.2,29.5,22.0,31.9,44.1,62.8,history
Q3 2000,355557.0,272030.0,72.7,5.3,127064.7,199361.0,38.8,,,,82.5,6.0,144.5,672.5,8.2,13.1,16.9,55.1,30.4,19.2,141.8,119.1,84.3,83.7,82.8,50.1,75.7,8.9,3.5,64.4,69.9,75.0,4.0,67.5,6.5,56.9,46.6,169.4,630.9,23.4,,,56.3,4.9,28.5,20.5,32.3,45.5,63.4,history
Q4 2000,356094.0,272686.0,73.2,5.2,125166.8,202536.0,39.5,,,,80.2,6.0,131.0,857.9,8.0,12.5,12.6,55.4,29.5,26.1,144.5,116.6,85.0,84.3,82.9,50.9,76.1,8.6,3.8,65.3,71.4,75.5,3.9,62.4,6.5,58.3,48.2,188.8,811.6,24.2,,,56.7,4.5,27.5,20.6,32.3,45.8,63.9,history
Q1 2001,360749.0,275097.0,72.8,5.1,124380.2,205752.0,40.4,,,,77.0,5.9,127.1,736.3,8.1,11.5,11.9,55.7,25.7,25.7,137.3,117.6,85.7,84.8,84.2,51.6,76.3,8.4,3.8,66.2,71.7,75.2,4.2,58.3,5.6,59.5,47.5,182.5,801.9,23.8,5.3,,56.5,4.5,26.5,20.5,32.5,45.5,64.3,history
Q2 2001,363235.0,280259.0,73.8,5.0,128137.4,206118.0,41.7,,,,74.4,5.4,118.9,735.8,8.4,12.1,9.9,55.9,27.3,23.9,141.3,114.5,85.8,84.9,84.3,52.2,77.4,8.4,3.5,67.1,72.8,75.6,4.4,56.4,4.3,60.4,47.2,163.2,806.8,24.3,8.4,,56.4,4.5,26.5,19.6,33.2,44.4,64.7,history
Q3 2001,365696.0,281273.0,73.8,5.1,128239.9,208942.0,43.2,,,,67.8,5.1,114.6,793.3,9.2,12.8,6.6,56.3,25.3,25.7,140.1,115.8,85.8,85.2,84.1,52.3,77.4,8.4,2.8,68.0,73.7,75.4,4.8,52.6,3.6,61.4,48.0,158.6,842.8,25.2,11.5,,56.4,4.8,25.7,18.2,33.6,43.3,64.8,history
Q4 2001,367157.0,283946.0,73.9,5.2,129373.8,209093.0,44.5,,,,65.9,4.2,122.8,878.3,9.8,13.9,8.7,56.7,19.4,27.8,139.9,116.3,86.0,85.1,84.2,52.9,77.7,8.4,2.3,68.9,73.7,75.6,5.5,51.0,2.1,62.4,46.2,179.6,898.5,26.1,12.2,,56.0,5.9,24.1,17.0,34.4,43.6,65.3,history
Q1 2002,368690.0,287487.0,73.9,5.2,132161.6,211256.0,46.2,,,,66.8,4.0,107.6,857.8,10.5,15.2,5.1,57.1,21.1,21.4,141.2,115.0,86.1,85.5,83.9,54.1,78.2,8.5,2.3,70.2,74.3,76.3,5.7,51.8,1.8,63.5,46.8,172.7,786.9,25.9,15.2,,56.1,6.8,24.1,17.0,34.6,45.1,66.2,history
Q2 2002,371397.0,290596.0,74.5,5.2,133235.1,214875.0,48.8,,,,65.4,4.0,100.0,697.2,11.4,15.0,3.0,57.5,25.1,21.6,138.2,117.8,86.6,85.9,84.1,54.5,79.0,8.6,2.3,71.5,74.3,76.7,5.8,49.0,1.8,65.0,46.3,177.8,735.2,26.4,15.1,,56.9,7.3,23.6,16.5,34.9,46.5,67.0,history
Q3 2002,374205.0,295078.0,74.6,5.3,136292.4,215256.0,51.9,,,,53.5,4.0,125.6,820.3,12.2,15.8,3.8,58.0,26.9,34.9,136.7,124.8,86.9,86.2,84.5,55.7,79.1,8.7,2.3,72.5,74.7,77.1,5.7,41.0,1.8,66.6,47.2,221.0,966.8,27.6,9.9,,57.8,7.4,22.4,16.4,35.1,46.3,67.5,history
Q4 2002,377469.0,299491.0,75.0,5.1,138855.7,215967.0,55.3,,,,51.1,4.0,135.5,884.8,13.3,15.4,7.7,58.6,26.8,30.6,136.3,126.7,87.0,86.1,84.3,56.3,79.5,8.9,1.8,73.4,75.0,77.1,5.9,40.6,1.4,68.2,48.5,222.5,979.2,28.5,9.0,,58.2,7.3,21.3,15.5,35.1,46.3,68.0,history
Q1 2003,380565.0,304228.0,75.0,5.2,142686.5,219994.0,57.8,,,,47.3,3.8,128.0,859.8,14.0,14.6,8.7,59.2,31.4,30.0,129.7,129.2,86.8,86.3,83.3,55.8,80.0,9.0,1.5,74.5,74.7,77.5,5.9,39.4,1.3,69.6,50.4,170.6,822.5,28.8,10.8,,58.2,7.5,20.5,14.9,35.9,46.9,68.6,history
Q2 2003,384014.0,307819.0,75.5,4.9,142635.8,222103.0,59.7,,,,51.3,3.8,108.6,700.4,14.1,14.8,11.3,59.8,26.1,21.5,123.7,130.4,86.9,86.1,83.3,56.1,80.5,9.1,1.0,75.7,74.8,78.3,6.1,42.9,1.2,70.9,50.8,135.2,665.8,28.8,7.1,,56.8,8.2,19.5,14.1,36.8,46.3,68.9,history
Q3 2003,387841.0,312341.0,75.6,5.0,143947.8,223671.0,61.7,,,,54.6,3.5,87.3,601.1,14.7,14.1,9.3,60.6,28.4,19.3,124.1,129.8,87.3,86.8,83.8,56.9,80.7,9.1,1.0,76.8,75.2,79.6,6.1,45.7,1.0,72.7,50.2,118.2,567.8,30.4,10.6,,60.2,8.3,19.4,14.7,37.8,48.8,69.3,history
Q4 2003,391048.0,318061.0,76.0,4.9,148208.3,227758.0,64.6,,,,57.1,3.6,75.5,474.0,15.1,13.5,7.0,61.4,29.4,17.4,124.4,137.6,88.0,87.4,84.1,60.0,81.1,9.1,1.0,78.0,75.5,80.5,5.8,48.3,1.0,74.7,49.6,102.9,459.8,31.3,11.3,,60.9,7.7,21.1,16.2,39.0,50.3,69.7,history
Q1 2004,393247.0,320320.0,75.9,4.8,149123.2,226851.0,67.8,,,,59.0,3.9,78.8,421.4,15.3,13.9,6.9,62.3,32.0,16.6,127.6,148.1,88.5,88.2,84.0,59.6,81.4,9.3,1.0,79.1,75.6,81.0,5.7,51.8,1.0,77.1,52.0,94.3,420.2,31.8,12.1,,62.6,7.3,24.1,21.2,39.1,51.7,70.8,history
Q2 2004,395113.0,325462.0,76.5,4.8,152010.5,230131.0,71.4,,,,59.3,4.2,83.6,398.2,15.4,13.8,5.4,63.2,35.4,16.2,130.1,145.6,89.0,88.7,84.3,60.9,82.4,9.3,1.0,80.6,76.4,81.6,5.6,51.4,1.0,79.8,54.6,95.5,409.7,32.1,11.8,,63.7,6.9,25.2,23.3,40.1,52.4,71.8,history
Q3 2004,395867.0,327320.0,76.6,4.7,150970.1,234393.0,73.6,,,,58.6,4.7,84.1,402.8,14.6,14.0,8.9,64.0,41.6,15.4,129.1,146.5,89.2,89.0,84.2,61.1,82.5,9.2,1.0,82.1,76.4,82.3,5.4,50.5,1.4,82.2,58.5,96.3,399.0,33.4,10.3,,64.5,6.6,25.4,23.8,41.0,52.7,72.9,history
Q4 2004,398259.0,331772.0,77.1,4.7,152552.6,235293.0,73.9,,,,62.4,4.8,77.1,339.9,13.1,14.1,7.9,64.7,44.0,13.6,124.8,150.4,89.6,89.6,84.3,62.7,83.0,9.3,1.0,83.6,77.1,83.0,5.4,53.2,1.9,84.8,59.8,87.8,330.1,34.1,10.6,,65.8,6.7,27.3,26.8,41.8,53.9,73.7,history
Q1 2005,400558.0,335287.0,77.3,4.7,155859.8,236434.0,74.5,,,,65.7,4.8,69.5,284.9,11.7,13.7,11.3,65.4,47.8,12.8,125.1,152.3,89.7,89.9,84.1,62.9,83.1,9.1,1.0,85.1,77.6,83.9,5.3,54.5,2.4,88.0,59.9,83.6,305.0,35.3,11.3,,66.5,6.2,29.4,29.5,42.6,54.4,74.5,history
Q2 2005,404875.0,343740.0,78.0,4.8,161295.6,240355.0,75.0,,,,65.9,4.8,82.8,378.4,10.8,12.6,16.0,66.2,51.6,13.4,127.9,149.5,90.3,90.0,84.7,64.2,84.1,9.2,1.0,86.6,78.7,84.3,5.1,54.1,2.9,91.1,62.1,100.1,396.4,35.6,12.0,,68.5,5.8,30.9,32.4,43.9,55.8,75.8,history
Q3 2005,409270.0,346479.0,78.4,4.7,161321.5,242493.0,75.7,,,,70.7,4.6,74.1,374.1,10.1,11.1,16.1,67.0,61.7,12.3,127.0,143.9,91.0,90.5,85.3,64.7,84.4,9.0,1.0,88.1,80.1,85.0,5.0,56.0,3.4,94.0,63.7,89.3,350.3,37.0,12.0,,69.8,5.6,30.6,32.9,44.5,57.3,76.8,history
Q4 2005,414816.0,353951.0,78.8,5.1,166747.6,246893.0,76.9,,,,72.7,4.5,75.2,376.5,10.2,9.6,17.8,67.9,56.9,12.7,127.6,140.8,91.5,91.1,85.7,66.6,84.9,9.0,1.3,89.7,81.9,85.5,5.0,56.3,4.0,96.6,66.5,94.2,362.1,38.3,10.3,,70.7,5.3,29.5,32.4,45.6,58.9,77.3,history
Q1 2006,416183.0,358099.0,78.7,5.2,168181.5,244966.0,78.6,,,,78.7,4.5,75.6,351.4,10.5,7.8,16.9,68.8,61.9,12.0,126.5,141.2,92.4,91.9,86.5,67.6,85.0,8.8,1.5,91.2,83.1,86.6,4.7,58.7,4.4,98.7,68.1,89.4,337.8,39.7,12.1,,72.2,5.1,29.9,31.3,46.8,60.2,78.7,history
Q2 2006,417146.0,362278.0,79.8,5.5,168410.6,248705.0,80.1,,,,79.3,4.5,75.5,296.4,10.7,6.8,15.9,69.7,69.8,14.5,126.2,147.3,93.4,92.6,87.8,68.0,86.1,8.5,1.8,92.6,84.9,86.8,4.6,58.6,4.9,99.0,71.2,90.9,312.0,40.5,11.0,,73.0,4.9,30.5,33.4,47.5,60.6,79.8,history
Q3 2006,417741.0,365835.0,80.3,5.5,168608.3,254207.0,81.4,,,,79.3,4.7,81.2,281.1,11.0,5.9,18.1,70.7,70.2,13.6,127.7,151.1,93.9,92.7,88.7,69.3,86.2,8.3,2.0,93.8,87.9,86.9,4.6,58.9,5.3,98.4,74.4,97.1,340.6,41.5,10.9,,74.3,4.8,30.3,34.4,49.0,61.9,80.9,history
Q4 2006,419236.0,369432.0,80.9,5.5,166784.2,257755.0,84.4,,,,84.0,4.9,80.1,235.5,11.4,5.7,18.2,71.8,59.7,11.0,128.9,154.4,95.0,93.4,89.9,68.8,86.4,8.0,2.5,95.0,89.0,87.6,4.4,63.5,5.3,98.8,74.0,93.5,313.2,43.1,14.3,,75.4,4.5,30.5,34.1,49.9,63.8,82.0,history
Q1 2007,423472.0,375722.0,81.0,5.5,173206.7,259904.0,86.8,,,,86.3,5.2,78.2,202.0,11.5,4.8,18.3,72.9,58.1,12.5,129.4,157.5,95.7,94.1,90.3,71.9,86.6,7.8,2.8,96.0,91.0,87.6,4.5,65.2,5.3,99.3,77.3,89.6,275.2,45.2,19.5,,76.4,4.4,31.6,35.5,51.3,65.4,83.4,history
Q2 2007,426600.0,379527.0,81.8,5.4,173085.5,265217.0,88.6,,,,90.1,5.4,79.0,207.9,11.2,4.5,17.7,73.9,68.7,13.7,127.8,160.1,96.3,94.7,90.9,70.9,87.8,7.5,3.0,96.9,92.8,88.3,4.5,68.5,5.3,97.8,80.5,94.1,263.2,46.5,15.3,,77.7,4.3,32.8,37.4,52.6,66.7,84.1,history
Q3 2007,429845.0,385302.0,81.7,5.3,176160.9,268733.0,89.7,,,,87.2,5.7,114.4,341.3,11.0,5.1,16.5,74.8,74.9,21.5,127.6,162.9,96.7,95.1,91.7,69.1,87.8,7.5,3.0,98.0,94.4,88.9,4.7,68.1,5.2,96.0,84.8,132.0,402.2,47.4,17.6,,79.2,4.1,34.0,40.1,53.5,68.7,85.0,history
Q4 2007,433079.0,390339.0,82.6,5.2,179952.4,269328.0,89.6,,,,87.8,5.7,150.6,493.2,9.9,5.0,16.6,75.4,88.8,22.1,122.5,164.7,97.2,95.4,92.0,72.0,88.9,7.3,3.0,98.5,95.5,89.2,4.8,68.4,4.5,94.4,85.6,172.2,502.6,49.0,16.2,,80.6,3.7,37.0,45.4,55.3,68.3,86.3,history
Q1 2008,433710.0,394836.0,82.9,5.2,181944.0,267426.0,88.2,,,,79.8,5.4,205.4,725.5,8.8,5.6,14.3,76.0,96.5,26.1,114.6,159.4,97.7,95.7,92.8,69.7,89.5,7.3,3.0,99.5,95.8,88.6,5.0,61.8,3.2,92.4,81.7,241.9,733.0,50.4,11.5,,81.7,3.3,40.9,49.4,55.6,70.9,86.6,history
Q2 2008,430887.0,393634.0,84.6,5.3,183078.6,270537.0,84.0,,,,81.1,5.0,216.7,739.3,7.2,5.7,13.2,76.7,122.1,20.7,109.5,158.8,97.4,95.2,92.5,68.3,91.0,7.4,3.0,99.6,94.7,89.0,5.3,62.7,2.1,89.7,76.2,253.1,689.6,51.6,18.0,,80.8,3.3,41.2,50.3,56.2,68.7,87.7,history
Q3 2008,423618.0,390964.0,85.7,5.9,180707.5,269388.0,79.4,,,,72.4,5.0,243.3,872.6,4.9,4.7,9.0,76.8,115.9,25.0,109.2,152.5,96.9,95.0,92.2,68.1,91.2,7.6,3.3,99.1,94.5,88.6,6.0,57.3,2.0,87.2,79.5,313.7,831.9,51.9,15.4,,79.9,3.3,40.3,48.9,56.7,68.5,87.9,history
Q4 2008,414037.0,384818.0,85.8,6.4,175685.4,272876.0,75.7,,,,56.7,3.4,409.3,1927.8,3.1,3.7,3.8,76.5,55.9,58.3,103.4,126.6,95.2,93.6,90.4,65.3,91.0,8.1,2.0,97.9,92.8,86.7,6.9,41.7,1.1,84.0,75.8,574.2,1760.2,52.5,13.8,,78.3,3.9,35.3,41.9,56.8,66.1,87.4,history
Q1 2009,407291.0,378609.0,85.4,7.1,171761.3,266004.0,73.1,,,,54.0,1.1,491.5,2322.9,1.6,2.4,2.8,76.1,45.0,44.9,95.5,115.6,92.3,92.0,86.3,65.5,90.3,9.0,0.5,96.5,90.8,85.5,8.3,37.1,0.3,80.8,71.1,530.4,1695.2,53.5,10.2,,75.6,5.0,35.3,37.0,55.7,64.5,86.0,history
Q2 2009,406353.0,377963.0,86.4,7.8,165636.1,275581.0,73.0,,,,57.8,0.5,442.5,1907.2,0.8,1.1,-1.2,75.8,59.2,33.1,98.7,124.9,92.1,91.9,86.4,65.3,91.1,9.6,0.3,95.2,88.6,85.4,9.3,40.8,0.3,79.6,60.8,414.3,1279.3,55.7,9.3,,78.3,5.3,38.3,40.7,59.0,67.4,85.7,history
Q3 2009,406641.0,380205.0,86.9,7.8,167687.8,277402.0,75.5,,,,64.2,0.5,287.0,1132.9,0.6,-0.6,-3.2,76.2,68.3,25.5,99.6,132.2,92.4,92.1,86.9,64.2,90.9,9.9,0.3,95.0,88.3,85.7,9.6,45.5,0.3,79.8,52.4,253.5,903.2,57.3,8.4,,78.7,5.4,41.5,45.8,60.5,70.3,85.9,history
Q4 2009,408298.0,382682.0,87.6,7.8,166100.8,282124.0,77.4,,,,71.3,0.5,228.5,766.8,0.7,-1.2,-2.5,77.6,74.9,23.0,96.0,131.6,92.9,92.7,87.7,63.9,91.4,10.1,0.3,95.4,87.2,86.5,9.9,49.8,0.3,79.6,52.8,203.5,718.7,58.7,7.3,,80.2,5.1,43.4,48.6,61.8,70.0,86.5,history
Q1 2010,410542.0,387526.0,88.2,8.0,171972.2,284260.0,78.3,,,,73.8,0.5,189.5,626.6,0.8,-1.8,-4.3,78.9,76.8,20.2,97.8,125.6,93.3,93.1,88.4,65.6,91.4,10.2,0.3,95.4,87.1,86.9,9.8,51.4,0.3,78.8,51.0,170.3,620.5,60.0,9.8,,81.7,4.7,46.0,51.1,63.4,75.7,87.6,history
Q2 2010,414699.0,393419.0,89.3,7.9,175893.7,287121.0,78.9,,,,73.5,0.5,198.9,570.0,0.8,-2.2,-4.1,80.2,78.7,26.3,101.8,120.2,94.2,93.7,90.2,66.0,92.6,10.3,0.3,96.1,88.4,87.8,9.6,51.9,0.3,78.7,56.0,175.5,623.6,61.6,10.6,,83.1,4.6,47.9,53.3,64.9,79.9,88.2,history
Q3 2010,417024.0,394272.0,89.6,7.8,174550.0,290613.0,78.2,,,,72.9,0.5,212.8,572.8,0.8,-1.9,-3.4,81.2,76.4,24.3,104.1,125.0,94.6,94.1,90.9,66.5,92.4,10.2,0.3,96.3,89.0,88.3,9.5,50.1,0.3,77.5,56.8,184.3,652.8,63.0,11.2,,83.9,4.3,50.4,55.4,66.8,78.0,89.0,history
Q4 2010,417507.0,397222.0,90.5,7.9,177872.8,289818.0,77.1,,,,79.3,0.5,209.9,569.1,0.5,-1.3,-3.5,82.0,86.9,19.3,101.1,127.3,95.1,94.7,91.6,66.0,93.2,10.1,0.3,97.0,89.4,88.9,9.5,55.1,0.3,76.6,58.8,169.9,570.0,64.5,13.7,,85.2,4.0,53.1,60.7,68.4,80.3,89.8,history
Q1 2011,419828.0,406938.0,91.8,7.8,185731.0,287218.0,77.1,,,,82.0,0.5,201.1,545.6,0.5,-1.4,-2.4,82.8,105.2,18.5,101.6,129.2,95.9,95.7,93.3,65.7,93.6,10.0,0.3,97.2,89.6,88.6,9.0,59.6,0.3,75.7,61.1,150.0,478.7,66.2,12.3,57.8,87.6,3.6,57.2,66.2,69.6,82.6,90.5,history
Q2 2011,420109.0,404307.0,93.3,7.9,183326.9,289804.0,77.1,,,,81.8,0.5,196.5,559.7,0.5,-0.7,-1.5,83.6,117.0,17.4,98.3,131.4,95.9,95.7,93.5,66.5,95.1,10.0,0.5,97.2,91.5,89.2,9.1,60.3,0.3,75.3,60.3,149.4,493.3,67.7,14.2,58.1,87.2,3.6,60.7,72.1,70.5,82.7,90.9,history
Q3 2011,421918.0,406699.0,93.8,8.3,186937.9,291142.0,77.2,,,,75.4,0.5,260.8,746.6,0.5,-0.3,-2.0,84.3,112.9,30.4,98.9,129.7,95.9,96.0,93.9,65.9,94.9,10.2,0.8,97.3,91.7,89.4,9.0,56.1,0.3,74.9,60.3,198.2,661.7,69.0,14.9,58.3,87.4,3.3,60.5,74.0,70.4,84.2,91.5,history
Q4 2011,422965.0,410330.0,94.7,8.4,187946.7,292648.0,77.1,,,,74.3,0.5,325.0,892.8,0.6,-0.9,-2.9,85.1,109.3,29.9,101.3,126.7,95.6,96.2,93.9,65.9,95.9,10.6,0.3,96.7,91.3,90.4,8.6,56.0,0.3,73.9,64.1,245.8,753.3,70.1,15.4,57.3,87.8,3.3,59.5,72.8,71.6,83.9,92.1,history
Q1 2012,424834.0,412672.0,95.1,8.2,187513.7,295347.0,76.9,,,,79.9,0.5,298.4,823.6,0.7,-0.6,-2.9,85.8,118.5,18.3,104.0,126.6,95.4,96.1,94.2,65.5,96.1,10.9,0.3,96.4,91.2,91.0,8.3,61.6,0.3,73.8,64.1,212.6,625.0,71.3,14.0,57.4,88.0,3.3,60.6,72.3,72.6,86.2,92.7,history
Q2 2012,424468.0,413777.0,95.8,8.0,188396.2,300155.0,76.4,,,,76.6,0.5,298.6,809.8,0.8,-0.4,-3.8,86.5,109.0,20.0,107.1,127.5,95.1,95.9,94.3,65.7,97.4,11.3,0.3,95.8,91.3,91.4,8.2,61.7,0.3,75.4,64.5,208.4,628.8,72.8,12.5,57.1,88.5,3.2,66.1,77.2,73.4,86.8,93.4,history
Q3 2012,429319.0,423666.0,96.1,7.9,194009.8,301926.0,76.1,,,,79.4,0.5,260.9,745.2,0.9,0.1,-3.4,87.2,109.9,16.2,109.6,127.3,95.0,96.2,94.5,64.8,97.3,11.5,0.0,94.8,91.0,91.5,8.0,64.1,0.3,76.6,66.9,186.2,585.1,74.2,12.5,57.5,89.2,3.3,69.2,81.8,74.8,85.6,93.8,history
Q4 2012,428321.0,424929.0,97.3,7.8,196639.8,297799.0,76.5,,,,81.2,0.5,210.3,599.3,0.9,1.2,-2.8,88.0,110.5,16.8,107.4,129.4,94.5,96.2,94.0,65.1,98.1,11.8,0.0,94.7,90.5,91.6,7.8,64.8,0.3,77.8,67.5,154.2,542.2,75.7,11.4,58.0,90.2,3.3,73.8,88.9,75.6,87.6,94.4,history
Q1 2013,431025.0,429001.0,97.7,7.9,199275.3,297757.0,77.3,,,,87.9,0.5,192.1,512.8,0.7,2.4,-2.7,88.7,112.8,13.6,102.1,125.1,94.3,96.1,93.9,64.7,97.9,12.0,0.0,94.0,90.3,92.2,7.7,69.2,0.3,79.8,68.8,145.3,484.0,77.1,6.0,62.5,91.0,3.5,77.6,95.8,76.9,88.8,94.9,history
Q2 2013,433271.0,431909.0,98.4,7.7,195880.4,304196.0,78.3,,,,90.3,0.5,175.2,496.2,0.8,3.3,-3.4,89.4,103.0,14.8,102.1,123.7,94.7,96.8,94.7,65.3,98.8,12.1,0.0,93.7,90.3,92.4,7.5,73.6,0.3,82.3,72.4,148.6,465.3,78.4,5.8,65.2,91.4,3.4,78.8,98.0,78.1,90.8,96.1,history
Q3 2013,436560.0,438341.0,98.7,7.6,202814.0,308032.0,80.1,,,,92.2,0.5,169.3,488.0,0.9,4.4,-2.0,90.1,110.0,14.4,101.6,124.9,95.0,96.8,95.2,67.6,98.6,12.0,0.0,93.6,90.0,93.1,7.3,76.5,0.3,84.4,76.2,153.8,468.5,80.1,11.5,68.0,91.9,3.4,80.3,99.4,79.3,91.2,96.2,history
Q4 2013,438707.0,440312.0,99.3,7.2,202751.6,309714.0,82.1,,,,93.8,0.5,147.9,423.1,1.1,4.9,-0.3,90.9,109.4,14.2,103.2,130.5,95.2,97.0,95.5,66.3,98.9,11.9,0.0,93.5,89.8,94.0,6.9,81.0,0.3,86.2,78.0,141.5,429.9,81.4,7.9,68.8,92.8,3.3,80.2,99.1,81.0,92.7,97.7,history
Q1 2014,442615.9,446657.0,99.4,6.8,207816.1,311898.0,84.3,,,,95.4,0.5,138.8,358.3,1.4,5.4,-1.3,91.7,107.9,14.8,104.8,133.4,95.5,97.0,96.1,68.9,98.5,11.9,0.0,93.6,90.2,93.7,6.7,83.9,0.3,87.6,78.1,124.2,393.5,82.7,9.8,70.2,93.6,3.1,79.8,99.8,82.0,93.1,97.0,history
Q2 2014,446794.2,454849.0,100.1,6.3,216005.0,317180.0,86.3,,,,96.0,0.5,132.5,327.4,1.7,5.7,0.3,92.5,109.8,12.7,106.5,135.6,95.7,97.2,96.0,71.1,99.4,11.6,-0.1,94.0,90.9,94.6,6.2,86.9,0.3,88.1,81.5,112.2,364.6,84.2,9.3,69.8,93.5,3.2,80.9,100.7,83.6,93.5,97.3,history
Q3 2014,450676.8,459678.0,100.1,6.0,218784.5,318715.0,88.1,,,,95.7,0.5,134.5,374.7,1.9,6.1,0.0,93.2,102.2,13.0,109.3,134.5,96.0,97.5,96.3,72.7,99.0,11.5,-0.2,94.3,92.0,95.8,6.1,90.4,0.3,88.8,83.4,111.7,389.2,85.7,8.8,67.9,94.8,3.3,85.4,101.7,85.1,94.0,98.0,history
Q4 2014,454196.6,461296.0,100.2,5.7,217221.9,321384.0,88.8,,,,92.8,0.5,146.4,441.6,1.9,6.6,-1.5,94.0,75.8,16.0,110.0,127.5,96.5,97.7,97.0,73.3,99.1,11.4,-0.2,94.4,91.9,96.3,5.7,92.0,0.3,90.1,86.1,133.1,468.7,87.3,7.9,66.6,95.2,3.3,89.7,102.6,86.6,96.0,99.2,history
Q1 2015,456117.9,462745.0,99.5,5.6,217391.2,319907.0,90.1,,,,97.1,0.5,136.1,412.9,1.9,7.1,0.0,94.7,53.9,16.6,116.8,122.0,97.2,98.3,97.2,88.3,98.2,11.2,-0.2,94.8,92.7,96.8,5.5,94.4,0.3,91.3,89.1,142.5,489.8,89.0,8.3,67.4,95.8,3.3,94.5,103.8,88.0,95.3,99.5,history
Q2 2015,458389.3,469585.0,100.1,5.6,222217.8,323221.0,92.0,,,,99.8,0.5,135.3,375.9,2.0,7.7,-0.5,95.5,62.1,13.7,120.2,123.5,97.6,98.3,97.7,89.2,99.6,11.0,-0.2,95.2,95.4,97.4,5.4,96.1,0.3,92.0,90.4,136.2,460.1,90.6,7.9,71.9,96.4,3.3,97.8,106.5,90.1,95.4,98.8,history
Q3 2015,460337.5,469289.0,100.1,5.3,219480.5,326566.0,93.3,,,,93.1,0.5,159.9,414.7,2.3,8.2,0.2,96.2,50.2,19.4,120.9,124.8,97.9,98.6,97.9,90.2,99.1,10.7,-0.2,95.7,96.0,97.9,5.1,92.7,0.3,92.9,92.7,161.3,553.6,92.2,8.9,77.4,96.9,3.3,99.8,110.0,91.8,96.0,98.8,history
Q4 2015,463265.2,471095.0,100.3,5.1,219829.2,328781.0,94.8,,,,91.5,0.5,172.9,444.6,2.8,8.7,1.0,96.9,43.3,17.0,120.2,122.2,98.4,98.9,98.3,93.8,99.3,10.5,-0.3,96.5,97.2,98.1,5.0,93.9,0.3,94.7,94.4,168.2,642.0,93.6,7.5,80.1,97.0,3.3,96.0,109.4,93.3,97.2,99.1,history
Q1 2016,465442.6,478085.0,99.8,5.1,225423.2,330851.0,96.9,,,,87.6,0.5,199.4,531.6,3.4,9.7,2.2,97.6,34.5,20.5,112.7,115.3,98.9,99.5,99.0,91.8,98.3,10.3,-0.4,97.4,98.0,98.3,4.9,89.3,0.5,96.1,94.5,193.8,757.9,94.8,8.0,87.4,96.7,3.3,89.8,104.6,95.4,97.1,98.8,history
Q2 2016,468263.1,483971.0,100.4,4.9,226003.8,333802.0,98.0,,,,90.5,0.5,177.3,509.6,3.3,10.3,3.8,98.3,46.0,15.6,110.3,115.6,99.2,99.4,99.4,92.5,99.5,10.1,-0.4,98.2,98.7,98.7,4.9,94.9,0.5,96.6,96.4,158.3,633.0,96.6,8.1,92.9,98.0,3.4,90.0,100.1,96.7,97.2,99.7,history
Q3 2016,470969.7,487915.0,100.9,4.8,226382.6,335825.0,98.4,,,,97.7,0.3,153.8,511.1,3.2,10.4,3.8,99.1,45.8,13.2,102.1,105.8,99.6,99.6,99.6,96.2,99.3,9.9,-0.4,99.1,99.3,99.5,4.9,98.9,0.5,97.7,98.8,145.7,535.9,98.3,7.2,100.4,98.8,3.4,94.3,100.0,98.4,97.1,99.9,history
Q4 2016,473983.9,494885.9,101.5,4.8,231998.9,339118.6,100.0,100.0,100.0,100.0,100.0,0.3,151.3,469.4,3.1,10.6,3.2,100.0,50.1,14.0,100.0,100.0,100.0,100.0,100.0,100.0,100.0,9.7,-0.4,100.0,100.0,100.0,4.7,100.0,0.5,100.0,100.0,135.0,463.4,100.0,7.8,100.0,100.0,3.3,100.0,100.0,100.0,100.0,100.0,year_zero
Q1 2017,472040.1,501537.8,101.6,5.2,237255.4,343585.4,99.6,99.8,99.7,99.8,68.8,0.3,263.2,1110.9,2.8,10.2,1.9,99.6,40.0,31.8,92.6,90.9,99.6,99.6,99.6,99.5,99.3,10.3,-0.4,99.5,99.7,99.8,5.2,76.7,0.5,98.8,98.1,287.0,923.3,99.2,6.2,92.9,99.5,4.2,92.0,91.3,100.5,99.2,99.0,projection
Q2 2017,465083.8,493746.0,102.8,6.1,230021.2,334618.6,96.1,96.3,95.7,96.8,61.8,1.0,319.1,1431.5,2.8,8.4,-0.1,98.9,29.0,42.2,81.3,76.9,98.5,98.8,98.4,98.2,99.9,11.2,-0.4,97.7,97.5,98.6,5.8,64.7,0.3,96.5,93.9,363.0,1153.2,99.1,4.6,86.0,96.9,5.2,84.0,82.7,101.1,96.0,98.1,projection
Q3 2017,454330.7,477603.2,103.9,7.6,219437.7,326266.3,92.4,89.6,88.1,91.2,57.6,2.5,375.1,1752.2,2.0,5.1,-3.8,97.9,24.0,42.2,77.5,72.2,97.0,97.7,96.7,96.2,99.3,12.6,-0.4,96.3,93.4,96.9,7.0,58.4,0.3,94.0,88.4,439.0,1383.1,98.9,3.1,79.3,93.2,5.9,76.8,74.0,101.6,93.9,97.1,projection
Q4 2017,451896.2,473293.5,105.3,8.6,216331.3,330886.7,88.9,80.9,78.1,83.8,55.2,4.0,431.0,2072.8,0.9,0.3,-6.8,97.6,24.0,35.4,74.3,68.3,96.4,97.2,96.1,95.7,99.7,13.2,-0.4,94.3,87.8,96.5,7.8,54.4,0.3,91.4,82.1,515.0,1613.0,98.8,1.5,72.6,92.1,6.6,69.4,65.4,102.2,92.8,96.2,projection
Q1 2018,452012.7,475705.0,106.1,9.3,219522.1,333000.2,85.2,70.0,65.5,74.5,60.1,4.0,413.1,1976.9,-0.3,-3.8,-9.4,98.1,24.0,31.5,74.2,68.2,96.4,97.2,96.1,96.1,99.0,13.3,-0.4,92.5,80.4,96.5,8.7,56.9,0.3,89.0,75.0,491.9,1546.4,99.7,1.6,70.1,92.3,7.0,66.4,62.3,104.1,93.2,96.5,projection
Q2 2018,452581.1,482305.0,107.9,9.5,225613.5,337892.4,81.6,60.0,54.0,66.0,63.5,4.0,395.1,1880.9,-0.8,-4.7,-10.0,98.7,24.0,28.7,74.3,68.3,96.6,97.3,96.2,96.6,99.9,13.2,-0.4,90.7,73.2,96.6,8.9,58.9,0.3,86.6,68.8,468.9,1479.8,100.6,1.6,67.7,92.6,7.2,63.4,59.1,106.0,93.5,96.9,projection
Q3 2018,453608.9,487868.4,109.2,9.5,229013.6,342020.4,77.9,60.0,54.0,66.0,65.6,4.0,377.2,1785.0,-1.1,-5.2,-8.6,99.4,24.0,26.5,74.4,68.4,96.8,97.6,96.5,97.2,99.5,13.1,-0.4,88.8,73.2,96.9,9.1,60.7,0.3,84.4,67.2,445.8,1413.2,101.6,1.7,65.3,92.9,7.1,61.0,56.0,107.9,93.8,97.2,projection
Q4 2018,455160.9,493880.4,110.7,9.5,230876.4,347355.2,74.3,60.5,54.5,66.6,67.4,4.0,359.2,1689.0,-0.8,-4.8,-6.9,100.0,24.0,24.7,74.4,68.5,97.1,97.9,96.7,98.0,99.9,13.0,-0.4,86.9,73.6,97.2,9.1,62.4,0.3,82.5,67.0,422.8,1346.5,102.5,1.7,62.8,93.1,6.7,58.5,52.9,109.8,94.1,97.6,projection
Q1 2019,456671.2,500093.5,111.4,9.4,232855.1,352387.5,70.7,61.3,55.2,67.5,69.3,4.0,341.3,1593.1,-0.3,-4.2,-6.5,100.9,25.8,23.2,75.0,69.1,97.4,98.3,97.1,98.8,99.5,12.8,-0.4,84.9,74.1,97.6,8.9,64.2,0.3,80.8,67.1,399.7,1279.9,103.8,2.6,60.3,93.6,6.3,55.6,49.9,112.0,94.7,98.1,projection
Q2 2019,458191.1,505665.4,112.9,9.2,233535.8,357673.1,67.1,62.1,55.9,68.3,71.0,4.0,323.3,1497.1,0.2,-3.5,-6.0,101.7,27.5,21.9,75.4,69.7,97.7,98.6,97.3,99.6,100.6,12.7,-0.4,82.8,74.7,97.9,8.7,66.1,0.3,79.4,67.5,376.7,1213.3,105.0,3.4,57.8,94.2,5.9,52.7,46.9,114.2,95.2,98.6,projection
Q3 2019,459618.6,509954.9,113.6,9.0,234190.5,361453.2,67.0,62.9,56.6,69.2,72.7,4.0,305.4,1401.1,0.6,-1.4,-5.6,102.5,29.3,20.8,76.0,70.4,97.9,99.0,97.6,100.4,100.4,12.6,-0.4,82.8,75.3,98.2,8.6,68.0,0.3,79.3,68.2,353.6,1146.7,106.3,4.2,55.1,94.7,5.4,50.4,43.8,116.4,95.8,99.2,projection
Q4 2019,460952.3,513702.9,114.3,8.9,233862.5,365300.6,67.7,63.8,57.4,70.2,74.3,4.0,287.4,1305.2,1.1,-0.1,-5.1,103.3,31.0,19.7,76.5,71.0,98.1,99.3,97.8,101.1,101.1,12.5,-0.4,83.1,75.8,98.6,8.3,69.9,0.3,79.6,69.1,330.6,1080.1,107.6,5.0,56.6,95.2,5.1,53.3,47.4,118.7,96.3,99.7,projection
Q1 2020,462094.2,517501.5,114.3,8.7,234062.4,369078.7,68.6,64.7,58.2,71.2,76.0,4.0,269.5,1209.2,1.7,0.7,-4.7,104.1,32.8,18.8,77.0,71.7,98.3,99.6,97.9,101.7,100.8,12.4,-0.4,83.6,76.4,98.8,8.0,72.0,0.3,80.1,70.0,307.5,1013.5,108.8,5.2,58.2,95.6,4.9,55.8,51.0,120.9,96.6,100.1,projection
Q2 2020,463085.4,521476.7,115.3,8.5,234516.9,372491.3,69.4,65.6,59.0,72.2,77.6,4.0,251.6,1113.3,2.2,1.3,-4.2,104.8,34.5,18.8,77.5,72.3,98.5,100.0,98.1,102.3,102.0,12.4,-0.4,84.1,77.1,99.1,7.8,74.1,0.3,80.7,70.9,284.5,946.9,110.1,5.5,59.7,95.9,4.8,58.2,54.6,123.2,97.0,100.5,projection
Q3 2020,464073.7,525015.7,115.9,8.4,234587.2,376156.4,70.4,66.6,59.9,73.3,79.2,3.9,233.6,1017.3,2.6,1.9,-3.7,105.6,36.3,18.8,78.1,73.0,98.7,100.3,98.3,102.9,101.9,12.3,-0.4,84.6,77.7,99.4,7.5,76.4,0.3,81.5,71.9,261.4,880.2,111.3,5.7,61.3,96.3,4.7,61.2,58.2,125.5,97.3,101.0,projection
Q4 2020,465172.8,528754.3,116.6,8.2,234783.0,379861.7,71.4,67.6,60.8,74.4,80.8,3.8,215.7,921.3,2.8,2.5,-3.3,106.4,38.0,18.8,78.6,73.6,98.9,100.6,98.4,103.6,102.6,12.2,-0.4,85.2,78.3,99.7,7.2,78.8,0.3,82.4,72.8,238.3,813.6,112.6,6.0,62.8,96.6,4.5,64.1,61.9,127.7,97.6,101.4,projection
Q1 2021,466421.8,532569.7,116.6,8.0,234907.5,382424.3,72.2,68.6,61.7,75.4,82.2,3.6,197.7,825.4,3.0,3.2,-2.8,107.3,39.8,18.8,79.1,74.3,99.2,101.0,98.6,104.2,102.3,12.1,-0.4,85.8,79.0,100.0,7.1,81.3,0.3,83.4,73.9,215.3,747.0,114.1,6.0,64.4,97.1,4.4,66.5,65.4,130.3,98.1,101.9,projection
Q2 2021,467757.1,536368.2,117.6,7.8,235279.5,386036.7,73.2,69.7,62.7,76.6,83.2,3.5,179.8,729.4,3.2,3.7,-2.4,108.1,41.5,18.8,79.6,74.8,99.4,101.3,98.8,104.8,103.6,11.9,-0.4,86.4,79.7,100.3,6.9,84.2,0.3,84.4,75.0,192.2,680.4,115.6,6.0,66.0,97.6,4.3,68.8,68.9,132.8,98.6,102.4,projection
Q3 2021,469088.9,540119.4,118.2,7.6,235669.2,389773.8,74.4,70.8,63.7,77.8,84.4,3.4,161.8,633.5,3.3,4.2,-1.9,109.0,43.3,18.8,80.1,75.5,99.7,101.6,99.0,105.5,103.4,11.8,-0.4,87.0,80.5,100.6,6.6,87.3,0.3,85.6,76.2,169.2,613.8,117.1,6.0,67.5,98.0,4.2,71.9,72.6,135.3,99.0,102.9,projection
Q4 2021,470417.0,543804.6,118.9,7.5,236030.9,393248.1,75.5,72.0,64.8,79.2,85.6,3.2,143.9,537.5,3.4,4.8,-1.5,109.9,45.0,18.8,80.7,76.2,99.9,102.0,99.2,106.2,104.2,11.7,-0.4,87.7,81.2,101.0,6.4,88.4,0.3,86.9,77.4,146.1,547.2,118.6,6.0,69.1,98.5,4.0,74.7,76.2,137.9,99.5,103.4,projection
