quarter,UK real GDP,UK nominal GDP,UK corporate profits,UK household income,UK residential property price index,UK commercial real estate price index - aggregate,UK equity prices,Bank Rate,Sterling IG corporate bond spread,Sterling HY corporate bond spread,Secured lending to UK individuals,Consumer credit to UK individuals,Lending to UK PNFCs,Deposit volumes,"2yr fixed mortgage rate, 75% LTV",Instant access savings rate,PPP-weighted World real GDP,World trade,Volatility index,Euro area real GDP,ECB policy rate,Euro area residential property price index,US real GDP,US equity prices,US policy rate,US residential real estate price index,US dollar IG corporate bond spread,US dollar HY corporate bond spread,China real GDP,China residential property price index,Hong Kong real GDP,Hong Kong residential property price index,India real GDP,period_kind,UK nominal GDP index
Q1 2000,351979.0,266240.0,129013.4,192956.0,38.2,,81.1,5.9,125.2,555.0,8.4,14.5,8.7,604846.0,6.7,,53.9,47.7,23.1,83.0,2.5,62.8,73.5,64.9,5.7,54.5,124.9,502.9,21.8,,55.5,31.6,31.9,history,53.7982593563486
Q2 2000,354546.0,269907.0,128357.2,194761.0,38.8,,80.0,6.0,143.4,615.7,8.5,14.1,12.9,613899.0,6.4,,54.6,49.5,24.9,83.8,3.3,63.6,74.9,66.1,6.3,55.8,164.5,596.2,22.4,,55.6,29.5,31.9,history,54.539238236530885
Q3 2000,355557.0,272030.0,127064.7,199361.0,38.8,,82.5,6.0,144.5,672.5,8.2,13.1,16.9,624557.0,6.3,,55.1,50.3,19.2,84.3,3.5,64.4,75.0,67.5,6.5,56.9,169.4,630.9,23.4,,56.3,28.5,32.3,history,54.968226009267994
Q4 2000,356094.0,272686.0,125166.8,202536.0,39.5,,80.2,6.0,131.0,857.9,8.0,12.5,12.6,636736.0,6.0,,55.4,49.9,26.1,85.0,3.8,65.3,75.5,62.4,6.5,58.3,188.8,811.6,24.2,,56.7,27.5,32.3,history,55.10078181657631
Q1 2001,360749.0,275097.0,124380.2,205752.0,40.4,,77.0,5.9,127.1,736.3,8.1,11.5,11.9,647441.0,5.7,,55.7,49.6,25.7,85.7,3.8,66.2,75.2,58.3,5.6,59.5,182.5,801.9,23.8,,56.5,26.5,32.5,history,55.58796482179024
Q2 2001,363235.0,280259.0,128137.4,206118.0,41.7,,74.4,5.4,118.9,735.8,8.4,12.1,9.9,660070.0,5.7,,55.9,49.3,23.9,85.8,3.5,67.1,75.6,56.4,4.3,60.4,163.2,806.8,24.3,,56.4,26.5,33.2,history,56.63103353722545
Q3 2001,365696.0,281273.0,128239.9,208942.0,43.2,,67.8,5.1,114.6,793.3,9.2,12.8,6.6,670045.0,5.6,,56.3,49.4,25.7,85.8,2.8,68.0,75.4,52.6,3.6,61.4,158.6,842.8,25.2,,56.4,25.7,33.6,history,56.83592925157092
Q4 2001,367157.0,283946.0,129373.8,209093.0,44.5,,65.9,4.2,122.8,878.3,9.8,13.9,8.7,683556.0,5.0,,56.7,50.0,27.8,86.0,2.3,68.9,75.6,51.0,2.1,62.4,179.6,898.5,26.1,,56.0,24.1,34.4,history,57.37605375299639
Q1 2002,368690.0,287487.0,132161.6,211256.0,46.2,,66.8,4.0,107.6,857.8,10.5,15.2,5.1,693552.0,5.1,,57.1,50.5,21.4,86.1,2.3,70.2,76.3,51.8,1.8,63.5,172.7,786.9,25.9,,56.1,24.1,34.6,history,58.091572218970065
Q2 2002,371397.0,290596.0,133235.1,214875.0,48.8,,65.4,4.0,100.0,697.2,11.4,15.0,3.0,708897.0,5.4,,57.5,51.1,21.6,86.6,2.3,71.5,76.7,49.0,1.8,65.0,177.8,735.2,26.4,,56.9,23.6,34.9,history,58.7197978362285
Q3 2002,374205.0,295078.0,136292.4,215256.0,51.9,,53.5,4.0,125.6,820.3,12.2,15.8,3.8,716342.0,4.8,,58.0,51.7,34.9,86.9,2.3,72.5,77.1,41.0,1.8,66.6,221.0,966.8,27.6,,57.8,22.4,35.1,history,59.62546114164902
Q4 2002,377469.0,299491.0,138855.7,215967.0,55.3,,51.1,4.0,135.5,884.8,13.3,15.4,7.7,730967.0,4.5,,58.6,52.3,30.6,87.0,1.8,73.4,77.1,40.6,1.4,68.2,222.5,979.2,28.5,,58.2,21.3,35.1,history,60.51718183928861
Q1 2003,380565.0,304228.0,142686.5,219994.0,57.8,,47.3,3.8,128.0,859.8,14.0,14.6,8.7,748772.0,4.2,,59.2,52.9,30.0,86.8,1.5,74.5,77.5,39.4,1.3,69.6,170.6,822.5,28.8,,58.2,20.5,35.9,history,61.47437217346463
Q2 2003,384014.0,307819.0,142635.8,222103.0,59.7,,51.3,3.8,108.6,700.4,14.1,14.8,11.3,764406.0,3.9,,59.8,53.5,21.5,86.9,1.0,75.7,78.3,42.9,1.2,70.9,135.2,665.8,28.8,,56.8,19.5,36.8,history,62.19999397840997
Q3 2003,387841.0,312341.0,143947.8,223671.0,61.7,,54.6,3.5,87.3,601.1,14.7,14.1,9.3,776417.0,4.2,,60.6,54.7,19.3,87.3,1.0,76.8,79.6,45.7,1.0,72.7,118.2,567.8,30.4,,60.2,19.4,37.8,history,63.11373995500781
Q4 2003,391048.0,318061.0,148208.3,227758.0,64.6,,57.1,3.6,75.5,474.0,15.1,13.5,7.0,795515.0,5.0,,61.4,56.5,17.4,88.0,1.0,78.0,80.5,48.3,1.0,74.7,102.9,459.8,31.3,,60.9,21.1,39.0,history,64.26956193336686
Q1 2004,393247.0,320320.0,149123.2,226851.0,67.8,,59.0,3.9,78.8,421.4,15.3,13.9,6.9,809967.0,4.9,,62.3,58.3,16.6,88.5,1.0,79.1,81.0,51.8,1.0,77.1,94.3,420.2,31.8,,62.6,24.1,39.1,history,64.72603078810691
Q2 2004,395113.0,325462.0,152010.5,230131.0,71.4,,59.3,4.2,83.6,398.2,15.4,13.8,5.4,825468.0,5.3,,63.2,60.1,16.2,89.0,1.0,80.6,81.6,51.4,1.0,79.8,95.5,409.7,32.1,,63.7,25.2,40.1,history,65.76505816795346
Q3 2004,395867.0,327320.0,150970.1,234393.0,73.6,,58.6,4.7,84.1,402.8,14.6,14.0,8.9,845361.0,5.4,,64.0,61.5,15.4,89.2,1.0,82.1,82.3,50.5,1.4,82.2,96.3,399.0,33.4,,64.5,25.4,41.0,history,66.14049824414072
Q4 2004,398259.0,331772.0,152552.6,235293.0,73.9,,62.4,4.8,77.1,339.9,13.1,14.1,7.9,866211.0,5.1,,64.7,62.6,13.6,89.6,1.0,83.6,83.0,53.2,1.9,84.8,87.8,330.1,34.1,,65.8,27.3,41.8,history,67.04009954617823
Q1 2005,400558.0,335287.0,155859.8,236434.0,74.5,,65.7,4.8,69.5,284.9,11.7,13.7,11.3,882881.0,5.1,,65.4,63.6,12.8,89.7,1.0,85.1,83.9,54.5,2.4,88.0,83.6,305.0,35.3,,66.5,29.4,42.6,history,67.75036427588662
Q2 2005,404875.0,343740.0,161295.6,240355.0,75.0,,65.9,4.8,82.8,378.4,10.8,12.6,16.0,903256.0,4.9,,66.2,64.7,13.4,90.3,1.0,86.6,84.3,54.1,2.9,91.1,100.1,396.4,35.6,,68.5,30.9,43.9,history,69.45843476243716
Q3 2005,409270.0,346479.0,161321.5,242493.0,75.7,,70.7,4.6,74.1,374.1,10.1,11.1,16.1,919651.0,4.6,,67.0,66.0,12.3,91.0,1.0,88.1,85.0,56.0,3.4,94.0,89.3,350.3,37.0,,69.8,30.6,44.5,history,70.01189567130524
Q4 2005,414816.0,353951.0,166747.6,246893.0,76.9,,72.7,4.5,75.2,376.5,10.2,9.6,17.8,936534.0,4.7,,67.9,67.5,12.7,91.5,1.3,89.7,85.5,56.3,4.0,96.6,94.2,362.1,38.3,,70.7,29.5,45.6,history,71.52173864723162
Q1 2006,416183.0,358099.0,168181.5,244966.0,78.6,,78.7,4.5,75.6,351.4,10.5,7.8,16.9,957197.0,4.7,,68.8,69.1,12.0,92.4,1.5,91.2,86.6,58.7,4.4,98.7,89.4,337.8,39.7,,72.2,29.9,46.8,history,72.35991164832136
Q2 2006,417146.0,362278.0,168410.6,248705.0,80.1,,79.3,4.5,75.5,296.4,10.7,6.8,15.9,976547.0,4.9,,69.7,70.6,14.5,93.4,1.8,92.6,86.8,58.6,4.9,99.0,90.9,312.0,40.5,,73.0,30.5,47.5,history,73.20434871957355
Q3 2006,417741.0,365835.0,168608.3,254207.0,81.4,,79.3,4.7,81.2,281.1,11.0,5.9,18.1,996956.0,5.1,,70.7,72.1,13.6,93.9,2.0,93.8,86.9,58.9,5.3,98.4,97.1,340.6,41.5,,74.3,30.3,49.0,history,73.92310025401815
Q4 2006,419236.0,369432.0,166784.2,257755.0,84.4,,84.0,4.9,80.1,235.5,11.4,5.7,18.2,1015758.0,5.1,,71.8,73.6,11.0,95.0,2.5,95.0,87.6,63.5,5.3,98.8,93.5,313.2,43.1,,75.4,30.5,49.9,history,74.6499344596401
Q1 2007,423472.0,375722.0,173206.7,259904.0,86.8,,86.3,5.2,78.2,202.0,11.5,4.8,18.3,1035801.0,5.4,,72.9,75.1,12.5,95.7,2.8,96.0,87.6,65.2,5.3,99.3,89.6,275.2,45.2,,76.4,31.6,51.3,history,75.92093450227618
Q2 2007,426600.0,379527.0,173085.5,265217.0,88.6,,90.1,5.4,79.0,207.9,11.2,4.5,17.7,1059155.0,5.8,,73.9,76.6,13.7,96.3,3.0,96.9,88.3,68.5,5.3,97.8,94.1,263.2,46.5,,77.7,32.8,52.6,history,76.68979859802026
Q3 2007,429845.0,385302.0,176160.9,268733.0,89.7,,87.2,5.7,114.4,341.3,11.0,5.1,16.5,1075747.0,6.1,,74.8,77.9,21.5,96.7,3.0,98.0,88.9,68.1,5.2,96.0,132.0,402.2,47.4,,79.2,34.0,53.5,history,77.85673424924816
Q4 2007,433079.0,390339.0,179952.4,269328.0,89.6,,87.8,5.7,150.6,493.2,9.9,5.0,16.6,1097380.0,6.1,,75.4,79.0,22.1,97.2,3.0,98.5,89.2,68.4,4.5,94.4,172.2,502.6,49.0,,80.6,37.0,55.3,history,78.87454461725419
Q1 2008,433710.0,394836.0,181944.0,267426.0,88.2,,79.8,5.4,205.4,725.5,8.8,5.6,14.3,1122517.0,5.8,,76.0,80.1,26.1,97.7,3.0,99.5,88.6,61.8,3.2,92.4,241.9,733.0,50.4,,81.7,40.9,55.6,history,79.7832389243662
Q2 2008,430887.0,393634.0,183078.6,270537.0,84.0,,81.1,5.0,216.7,739.3,7.2,5.7,13.2,1138524.0,6.3,,76.7,81.3,20.7,97.4,3.0,99.6,89.0,62.7,2.1,89.7,253.1,689.6,51.6,,80.8,41.2,56.2,history,79.54035465548725
Q3 2008,423618.0,390964.0,180707.5,269388.0,79.4,,72.4,5.0,243.3,872.6,4.9,4.7,9.0,1141435.0,6.1,,76.8,80.1,25.0,96.9,3.3,99.1,88.6,57.3,2.0,87.2,313.7,831.9,51.9,,79.9,40.3,56.7,history,79.00083635440008
Q4 2008,414037.0,384818.0,175685.4,272876.0,75.7,,56.7,3.4,409.3,1927.8,3.1,3.7,3.8,1168933.0,5.2,,76.5,76.5,58.3,95.2,2.0,97.9,86.7,41.7,1.1,84.0,574.2,1760.2,52.5,,78.3,35.3,56.8,history,77.75893392800239
Q1 2009,407291.0,378609.0,171761.3,266004.0,73.1,,54.0,1.1,491.5,2322.9,1.6,2.4,2.8,1165193.0,4.2,,76.1,72.9,44.9,92.3,0.5,96.5,85.5,37.1,0.3,80.8,530.4,1695.2,53.5,,75.6,35.3,55.7,history,76.50430129450041
Q2 2009,406353.0,377963.0,165636.1,275581.0,73.0,,57.8,0.5,442.5,1907.2,0.8,1.1,-1.2,1165664.0,4.2,,75.8,69.3,33.1,92.1,0.3,95.2,85.4,40.8,0.3,79.6,414.3,1279.3,55.7,,78.3,38.3,59.0,history,76.37376615498643
Q3 2009,406641.0,380205.0,167687.8,277402.0,75.5,,64.2,0.5,287.0,1132.9,0.6,-0.6,-3.2,1170121.0,4.4,,76.2,69.1,25.5,92.4,0.3,95.0,85.7,45.5,0.3,79.8,253.5,903.2,57.3,,78.7,41.5,60.5,history,76.82679987447611
Q4 2009,408298.0,382682.0,166100.8,282124.0,77.4,,71.3,0.5,228.5,766.8,0.7,-1.2,-2.5,1173325.0,4.2,,77.6,72.4,23.0,92.9,0.3,95.4,86.5,49.8,0.3,79.6,203.5,718.7,58.7,,80.2,43.4,61.8,history,77.32731928713264
Q1 2010,410542.0,387526.0,171972.2,284260.0,78.3,,73.8,0.5,189.5,626.6,0.8,-1.8,-4.3,1186486.0,3.9,,78.9,75.7,20.2,93.3,0.3,95.4,86.9,51.4,0.3,78.8,170.3,620.5,60.0,,81.7,46.0,63.4,history,78.30613076670804
Q2 2010,414699.0,393419.0,175893.7,287121.0,78.9,,73.5,0.5,198.9,570.0,0.8,-2.2,-4.1,1196089.0,3.8,,80.2,78.9,26.3,94.2,0.3,96.1,87.8,51.9,0.3,78.7,175.5,623.6,61.6,,83.1,47.9,64.9,history,79.49691029790907
Q3 2010,417024.0,394272.0,174550.0,290613.0,78.2,,72.9,0.5,212.8,572.8,0.8,-1.9,-3.4,1199489.0,3.8,,81.2,81.2,24.3,94.6,0.3,96.3,88.3,50.1,0.3,77.5,184.3,652.8,63.0,,83.9,50.4,66.8,history,79.66927326076576
Q4 2010,417507.0,397222.0,177872.8,289818.0,77.1,,79.3,0.5,209.9,569.1,0.5,-1.3,-3.5,1210436.0,3.6,,82.0,82.5,19.3,95.1,0.3,97.0,88.9,55.1,0.3,76.6,169.9,570.0,64.5,,85.2,53.1,68.4,history,80.26537026009429
Q1 2011,419828.0,406938.0,185731.0,287218.0,77.1,,82.0,0.5,201.1,545.6,0.5,-1.4,-2.4,1216492.0,3.7,1.3,82.8,83.8,18.5,95.9,0.3,97.2,88.6,59.6,0.3,75.7,150.0,478.7,66.2,57.8,87.6,57.2,69.6,history,82.22865108906922
Q2 2011,420109.0,404307.0,183326.9,289804.0,77.1,,81.8,0.5,196.5,559.7,0.5,-0.7,-1.5,1223561.0,3.5,1.5,83.6,85.0,17.4,95.9,0.5,97.2,89.2,60.3,0.3,75.3,149.4,493.3,67.7,58.1,87.2,60.7,70.5,history,81.69701339237993
Q3 2011,421918.0,406699.0,186937.9,291142.0,77.2,,75.4,0.5,260.8,746.6,0.5,-0.3,-2.0,1236977.0,3.0,1.5,84.3,85.9,30.4,95.9,0.8,97.3,89.4,56.1,0.3,74.9,198.2,661.7,69.0,58.3,87.4,60.5,70.4,history,82.18035712878464
Q4 2011,422965.0,410330.0,187946.7,292648.0,77.1,,74.3,0.5,325.0,892.8,0.6,-0.9,-2.9,1248114.0,3.1,1.5,85.1,86.3,29.9,95.6,0.3,96.7,90.4,56.0,0.3,73.9,245.8,753.3,70.1,57.3,87.8,59.5,71.6,history,82.9140616049073
Q1 2012,424834.0,412672.0,187513.7,295347.0,76.9,,79.9,0.5,298.4,823.6,0.7,-0.6,-2.9,1254818.0,3.4,1.5,85.8,86.7,18.3,95.4,0.3,96.4,91.0,61.6,0.3,73.8,212.6,625.0,71.3,57.4,88.0,60.6,72.6,history,83.38730200234033
Q2 2012,424468.0,413777.0,188396.2,300155.0,76.4,,76.6,0.5,298.6,809.8,0.8,-0.4,-3.8,1280673.0,3.7,1.5,86.5,87.2,20.0,95.1,0.3,95.8,91.4,61.7,0.3,75.4,208.4,628.8,72.8,57.1,88.5,66.1,73.4,history,83.61058579361425
Q3 2012,429319.0,423666.0,194009.8,301926.0,76.1,,79.4,0.5,260.9,745.2,0.9,0.1,-3.4,1292968.0,3.7,1.5,87.2,87.7,16.2,95.0,0.0,94.8,91.5,64.1,0.3,76.6,186.2,585.1,74.2,57.5,89.2,69.2,74.8,history,85.60882417543114
Q4 2012,428321.0,424929.0,196639.8,297799.0,76.5,,81.2,0.5,210.3,599.3,0.9,1.2,-2.8,1306032.0,3.4,1.2,88.0,88.5,16.8,94.5,0.0,94.7,91.6,64.8,0.3,77.8,154.2,542.2,75.7,58.0,90.2,73.8,75.6,history,85.86403451785553
Q1 2013,431025.0,429001.0,199275.3,297757.0,77.3,,87.9,0.5,192.1,512.8,0.7,2.4,-2.7,1322391.0,3.0,1.0,88.7,89.3,13.6,94.3,0.0,94.0,92.2,69.2,0.3,79.8,145.3,484.0,77.1,62.5,91.0,77.6,76.9,history,86.68685044370832
Q2 2013,433271.0,431909.0,195880.4,304196.0,78.3,,90.3,0.5,175.2,496.2,0.8,3.3,-3.4,1343184.0,2.7,0.9,89.4,90.0,14.8,94.7,0.0,93.7,92.4,73.6,0.3,82.3,148.6,465.3,78.4,65.2,91.4,78.8,78.1,history,87.27446063830067
Q3 2013,436560.0,438341.0,202814.0,308032.0,80.1,,92.2,0.5,169.3,488.0,0.9,4.4,-2.0,1348698.0,2.6,0.8,90.1,90.9,14.4,95.0,0.0,93.6,93.1,76.5,0.3,84.4,153.8,468.5,80.1,68.0,91.9,80.3,79.3,history,88.5741541636163
Q4 2013,438707.0,440312.0,202751.6,309714.0,82.1,,93.8,0.5,147.9,423.1,1.1,4.9,-0.3,1357086.0,2.4,0.8,90.9,91.9,14.2,95.2,0.0,93.5,94.0,81.0,0.3,86.2,141.5,429.9,81.4,68.8,92.8,80.2,81.0,history,88.97242778587953
Q1 2014,442615.9,446657.0,207816.1,311898.0,84.3,,95.4,0.5,138.8,358.3,1.4,5.4,-1.3,1368547.0,2.4,0.7,91.7,92.9,14.8,95.5,0.0,93.6,93.7,83.9,0.3,87.6,124.2,393.5,82.7,70.2,93.6,79.8,82.0,history,90.25454150138445
Q2 2014,446794.2,454849.0,216005.0,317180.0,86.3,,96.0,0.5,132.5,327.4,1.7,5.7,0.3,1382996.0,2.6,0.7,92.5,93.9,12.7,95.7,-0.1,94.0,94.6,86.9,0.3,88.1,112.2,364.6,84.2,69.8,93.5,80.9,83.6,history,91.90987255850287
Q3 2014,450676.8,459678.0,218784.5,318715.0,88.1,,95.7,0.5,134.5,374.7,1.9,6.1,0.0,1393743.0,2.5,0.6,93.2,94.6,13.0,96.0,-0.2,94.3,95.8,90.4,0.3,88.8,111.7,389.2,85.7,67.9,94.8,85.4,85.1,history,92.88565303638676
Q4 2014,454196.6,461296.0,217221.9,321384.0,88.8,,92.8,0.5,146.4,441.6,1.9,6.6,-1.5,1412172.0,2.2,0.6,94.0,95.2,16.0,96.5,-0.2,94.4,96.3,92.0,0.3,90.1,133.1,468.7,87.3,66.6,95.2,89.7,86.6,history,93.21259708551001
Q1 2015,456117.9,462745.0,217391.2,319907.0,90.1,,97.1,0.5,136.1,412.9,1.9,7.1,0.0,1420811.0,2.0,0.6,94.7,95.7,16.6,97.2,-0.2,94.8,96.8,94.4,0.3,91.3,142.5,489.8,89.0,67.4,95.8,94.5,88.0,history,93.505391848909
Q2 2015,458389.3,469585.0,222217.8,323221.0,92.0,,99.8,0.5,135.3,375.9,2.0,7.7,-0.5,1437322.0,1.9,0.6,95.5,96.2,13.7,97.6,-0.2,95.2,97.4,96.1,0.3,92.0,136.2,460.1,90.6,71.9,96.4,97.8,90.1,history,94.88752862023347
Q3 2015,460337.5,469289.0,219480.5,326566.0,93.3,,93.1,0.5,159.9,414.7,2.3,8.2,0.2,1451127.0,1.9,0.5,96.2,96.7,19.4,97.9,-0.2,95.7,97.9,92.7,0.3,92.9,161.3,553.6,92.2,77.4,96.9,99.8,91.8,history,94.82771685352118
Q4 2015,463265.2,471095.0,219829.2,328781.0,94.8,,91.5,0.5,172.9,444.6,2.8,8.7,1.0,1472062.0,1.9,0.5,96.9,97.2,17.0,98.4,-0.3,96.5,98.1,93.9,0.3,94.7,168.2,642.0,93.6,80.1,97.0,96.0,93.3,history,95.19264945717791
Q1 2016,465442.6,478085.0,225423.2,330851.0,96.9,,87.6,0.5,199.4,531.6,3.4,9.7,2.2,1495475.0,1.9,0.5,97.6,97.7,20.5,98.9,-0.4,97.4,98.3,89.3,0.5,96.1,193.8,757.9,94.8,87.4,96.7,89.8,95.4,history,96.60509624541737
Q2 2016,468263.1,483971.0,226003.8,333802.0,98.0,,90.5,0.5,177.3,509.6,3.3,10.3,3.8,1528560.0,1.8,0.4,98.3,98.2,15.6,99.2,-0.4,98.2,98.7,94.9,0.5,96.6,158.3,633.0,96.6,92.9,98.0,90.0,96.7,history,97.79446130916237
Q3 2016,470969.7,487915.0,226382.6,335825.0,98.4,,97.7,0.3,153.8,511.1,3.2,10.4,3.8,1555060.0,1.7,0.3,99.1,98.9,13.2,99.6,-0.4,99.1,99.5,98.9,0.5,97.7,145.7,535.9,98.3,100.4,98.8,94.3,98.4,history,98.5914126872477
Q4 2016,473983.9,494885.9,231998.9,339118.6,100.0,100.0,100.0,0.3,151.3,469.4,3.1,10.6,3.2,1590313.4,1.5,0.2,100.0,100.0,14.0,100.0,-0.4,100.0,100.0,100.0,0.5,100.0,135.0,463.4,100.0,100.0,100.0,100.0,100.0,year_zero,100.0
Q1 2017,475467.7,498071.3,233059.1,342190.6,100.4,99.4,100.6,0.0,162.0,610.0,2.7,10.6,1.6,1597743.0,1.18,0.05,100.7,100.5,20.3,100.3,-0.4,100.5,100.4,100.9,0.5,100.9,163.0,615.0,101.3,101.1,100.4,100.7,101.6,projection,100.64366351920715
Q2 2017,476519.7,500070.6,232855.3,344324.7,100.7,97.8,101.0,0.0,140.0,520.0,2.9,10.6,0.2,1609981.0,1.16,0.05,101.4,100.9,18.4,100.6,-0.4,100.9,100.8,101.8,0.4,101.7,140.0,525.0,102.5,102.1,100.8,101.2,103.1,projection,101.04765563132834
Q3 2017,477459.4,501809.0,232382.1,344896.1,101.1,95.9,101.4,0.0,140.0,520.0,3.0,10.8,-0.9,1620883.0,1.13,0.05,102.1,101.2,17.4,100.9,-0.4,101.3,101.2,102.7,0.3,102.4,140.0,525.0,103.8,103.2,101.2,101.6,104.7,projection,101.39892852069536
Q4 2017,478349.3,504374.9,232950.9,345959.3,101.5,94.0,101.9,0.0,140.0,520.0,3.0,10.8,-1.4,1630053.0,1.1,0.05,102.7,101.4,16.8,101.1,-0.4,101.7,101.6,103.6,0.3,103.0,140.0,525.0,105.0,104.2,101.6,102.0,106.2,projection,101.91741167004353
Q1 2018,479086.6,508385.1,235100.3,348217.0,101.9,92.4,102.7,0.0,140.0,520.0,3.0,10.4,-2.2,1631759.0,1.07,0.06,103.4,101.6,16.3,101.4,-0.4,102.0,101.9,104.5,0.3,103.5,140.0,525.0,106.1,105.0,102.1,102.4,107.7,projection,102.72773986892736
Q2 2018,479910.9,511421.6,235656.9,350955.0,102.2,91.8,103.3,0.0,140.0,520.0,3.1,9.6,-2.2,1639388.0,1.06,0.07,103.9,101.7,16.0,101.6,-0.4,102.2,102.2,105.3,0.3,103.9,140.0,525.0,107.1,105.9,102.5,102.8,109.1,projection,103.34131564467688
Q3 2018,480754.2,514419.1,236655.7,353044.5,102.6,92.0,103.9,0.0,140.0,520.0,3.2,8.9,-2.2,1648208.0,1.04,0.08,104.5,101.8,15.9,101.8,-0.4,102.4,102.4,106.0,0.3,104.3,140.0,525.0,108.1,106.9,102.9,103.1,110.4,projection,103.94701081602848
Q4 2018,481574.3,517383.5,237570.2,354932.0,103.0,92.6,104.5,0.0,140.0,520.0,3.2,8.3,-2.2,1656941.0,1.02,0.09,105.0,101.8,15.7,102.0,-0.4,102.6,102.7,106.8,0.3,104.7,140.0,525.0,109.0,107.7,103.3,103.5,111.6,projection,104.54601757698087
Q1 2019,482350.3,521762.2,239766.3,356967.5,103.4,93.6,105.4,0.0,140.0,520.0,3.2,8.1,-2.5,1658670.0,1.01,0.11,105.5,101.9,15.7,102.2,-0.4,102.7,102.9,107.6,0.3,105.1,140.0,525.0,110.0,108.7,103.7,103.8,112.9,projection,105.4308073840859
Q2 2019,483091.9,524637.9,239633.3,359196.5,103.8,94.9,106.0,0.0,140.0,520.0,3.2,8.2,-2.8,1666332.0,1.01,0.12,106.0,101.9,15.6,102.4,-0.4,102.9,103.1,108.3,0.3,105.5,140.0,525.0,111.0,109.5,104.0,104.1,114.2,projection,106.01189082170255
Q3 2019,483798.4,527594.8,240194.6,361043.3,104.1,96.0,106.6,0.0,140.0,520.0,3.2,8.3,-3.0,1673962.0,1.01,0.13,106.5,101.9,15.6,102.6,-0.4,103.0,103.4,109.2,0.3,105.9,140.0,525.0,111.9,110.6,104.4,104.5,115.5,projection,106.60938208180917
Q4 2019,484496.6,530912.8,241199.4,363176.3,104.5,97.5,107.3,0.0,140.0,520.0,3.2,8.5,-3.1,1680269.0,1.0,0.14,107.0,101.9,15.6,102.7,-0.4,103.1,103.6,109.9,0.3,106.3,140.0,525.0,112.9,111.7,104.8,104.8,116.7,projection,107.27983965596918
Q1 2020,485175.1,535540.3,243509.8,365705.4,104.9,98.9,108.2,0.0,140.0,520.0,3.2,8.6,-3.1,1679834.0,0.97,0.15,107.5,102.0,15.6,102.9,-0.4,103.3,103.8,110.7,0.3,106.7,140.0,525.0,113.9,112.8,105.1,105.2,118.0,projection,108.21490367779725
Q2 2020,485922.3,538971.7,244542.1,367726.8,105.3,100.0,108.9,0.0,140.0,520.0,3.3,8.6,-2.9,1685013.0,0.97,0.17,108.1,102.0,15.5,103.1,-0.4,103.4,104.1,111.6,0.3,107.0,140.0,525.0,114.9,113.8,105.5,105.5,119.4,projection,108.90827562474502
Q3 2020,486746.9,542280.9,245431.4,370084.0,105.7,101.0,109.6,0.0,140.0,520.0,3.3,8.7,-2.7,1690284.0,0.97,0.18,108.6,102.0,15.5,103.3,-0.4,103.5,104.3,112.3,0.3,107.4,140.0,525.0,115.9,114.9,105.8,105.9,120.7,projection,109.57695501124603
Q4 2020,487654.5,545776.0,246476.5,372494.8,106.1,101.8,110.3,0.0,140.0,520.0,3.3,8.6,-2.7,1695593.0,0.97,0.19,109.1,102.0,15.5,103.5,-0.4,103.7,104.5,113.1,0.3,107.8,140.0,525.0,116.9,116.0,106.2,106.2,122.0,projection,110.28319861204369
Q1 2021,488650.4,549373.2,247578.9,374952.9,106.5,102.5,111.0,0.0,140.0,520.0,3.3,8.2,-2.5,1693769.0,0.97,0.2,109.6,102.1,15.5,103.7,-0.4,103.8,104.8,114.0,0.3,108.2,140.0,525.0,117.9,117.1,106.6,106.6,123.4,projection,111.01007323102152
Q2 2021,489739.6,553077.6,248815.7,377423.6,106.9,103.0,111.8,0.0,140.0,520.0,3.3,8.2,-2.6,1698204.0,0.97,0.22,110.2,102.1,15.5,103.8,-0.4,103.9,105.0,114.8,0.3,108.6,140.0,525.0,118.9,118.2,107.0,106.9,124.8,projection,111.75860940875462
Q3 2021,490926.8,556901.3,250126.3,379953.2,107.3,103.6,112.5,0.0,140.0,520.0,3.3,8.2,-2.5,1702567.0,0.97,0.23,110.7,102.1,15.5,104.0,-0.4,104.0,105.2,115.6,0.3,109.0,140.0,525.0,119.9,119.3,107.4,107.3,126.2,projection,112.53125215327412
Q4 2021,492212.7,560843.5,251515.3,382539.3,107.7,104.2,113.3,0.0,140.0,520.0,3.3,8.1,-2.5,1706654.0,0.97,0.24,111.2,102.1,15.5,104.2,-0.4,104.2,105.4,116.4,0.3,109.4,140.0,525.0,121.0,120.4,107.7,107.6,127.7,projection,113.32783981115647
Q1 2022,493557.6,564867.4,252973.3,385151.0,108.1,104.7,114.1,0.0,140.0,520.0,3.3,8.0,-2.4,1703387.0,0.97,0.25,111.8,102.2,15.5,104.4,-0.4,104.3,105.7,117.3,0.3,109.9,140.0,525.0,122.0,121.5,108.1,108.0,129.1,projection,114.14093632491853
Q2 2022,494952.5,569015.3,254677.8,387707.6,108.5,105.3,115.0,0.0,140.0,520.0,3.2,8.0,-2.3,1706259.0,0.97,0.26,112.3,102.2,15.5,104.6,-0.4,104.4,105.9,118.1,0.3,110.3,140.0,525.0,123.1,122.7,108.5,108.3,130.6,projection,114.97908911933035
Q3 2022,496358.2,573143.4,256282.9,390303.5,108.9,105.8,115.8,0.0,140.0,520.0,3.2,7.9,-2.3,1708765.0,0.97,0.26,112.8,102.2,15.5,104.8,-0.4,104.6,106.1,118.9,0.3,110.7,140.0,525.0,124.1,123.8,108.9,108.7,132.1,projection,115.81324099150936
Q4 2022,497774.7,577328.6,257946.9,392911.7,109.3,106.4,116.7,0.0,140.0,520.0,3.2,7.8,-2.3,1710936.0,0.97,0.26,113.4,102.3,15.5,105.0,-0.4,104.7,106.4,119.8,0.3,111.1,140.0,525.0,125.2,125.0,109.3,109.1,133.6,projection,116.65893087679402
Q1 2023,499201.5,581549.2,259624.0,395542.4,109.7,107.0,117.5,0.0,140.0,520.0,3.2,7.7,-2.3,1705646.0,0.97,0.26,113.9,102.3,15.5,105.2,-0.4,104.8,106.6,120.6,0.3,111.5,140.0,525.0,126.3,126.2,109.7,109.4,135.1,projection,117.51177392607062
Q2 2023,500638.3,585847.8,261411.8,398171.9,110.1,107.6,118.4,0.0,140.0,520.0,3.2,7.6,-2.3,1706422.0,0.97,0.26,114.5,102.4,15.5,105.3,-0.4,105.0,106.9,121.6,0.3,111.9,140.0,525.0,127.4,127.1,110.1,109.8,136.7,projection,118.38037818414307
Q3 2023,502084.9,590116.7,263054.7,400865.5,110.5,108.2,119.2,0.0,140.0,520.0,3.2,7.4,-2.3,1706966.0,0.97,0.26,115.0,102.4,15.5,105.5,-0.4,105.1,107.1,122.4,0.3,112.3,140.0,525.0,128.5,128.3,110.5,110.1,138.2,projection,119.24298105886628
Q4 2023,503540.9,594441.9,264755.2,403572.5,110.9,108.8,120.1,0.0,140.0,520.0,3.2,7.3,-2.3,1707081.0,0.97,0.26,115.6,102.4,15.5,105.7,-0.4,105.2,107.3,123.3,0.3,112.7,140.0,525.0,129.6,129.6,110.9,110.5,139.8,projection,120.11696029327163
Q1 2024,505006.0,598806.5,266472.3,406303.5,111.3,109.5,121.0,0.0,140.0,520.0,3.1,7.3,-2.3,1699801.0,0.97,0.26,116.1,102.5,15.5,105.9,-0.4,105.4,107.6,124.2,0.3,113.1,140.0,525.0,130.7,130.7,111.3,110.9,141.4,projection,120.99890095878665
Q2 2024,506479.9,603253.5,268305.2,409034.2,111.7,110.1,121.9,0.0,140.0,520.0,3.2,7.2,-2.3,1698717.0,0.97,0.26,116.7,102.5,15.5,106.1,-0.4,105.5,107.8,125.1,0.3,113.6,140.0,525.0,131.9,132.0,111.7,111.2,143.0,projection,121.89749192692699
Q3 2024,507962.5,607669.6,269989.2,411830.9,112.1,110.7,122.8,0.0,140.0,520.0,3.1,7.1,-2.3,1697323.0,0.97,0.26,117.2,102.5,15.5,106.3,-0.4,105.6,108.0,125.9,0.3,114.0,140.0,525.0,133.0,133.2,112.1,111.6,144.6,projection,122.78983903158283
Q4 2024,509453.4,612145.0,271733.7,414641.6,112.6,111.3,123.7,0.0,140.0,520.0,3.2,7.0,-2.3,1695675.0,0.97,0.26,117.8,102.6,15.5,106.5,-0.4,105.8,108.3,126.9,0.3,114.4,140.0,525.0,134.2,134.4,112.5,112.0,146.3,projection,123.69416869625907
Q1 2025,510952.5,616661.6,273496.1,417477.3,113.0,112.0,124.6,0.0,140.0,520.0,3.2,7.0,-2.3,1686770.0,0.97,0.26,118.4,102.6,15.5,106.7,-0.4,105.9,108.5,127.8,0.3,114.8,140.0,525.0,135.3,135.6,112.9,112.3,148.0,projection,124.60682351224797
Q2 2025,512459.5,621264.4,275378.8,420313.0,113.4,112.6,125.5,0.0,140.0,520.0,3.2,6.9,-2.2,1683965.0,0.97,0.26,118.9,102.6,15.5,106.9,-0.4,106.0,108.8,128.7,0.3,115.3,140.0,525.0,136.5,136.8,113.3,112.7,149.7,projection,125.53689648462402
Q3 2025,513974.3,625834.7,277108.2,423216.1,113.8,113.3,126.5,0.0,140.0,520.0,3.2,6.8,-2.2,1681029.0,0.97,0.26,119.5,102.7,15.5,107.0,-0.4,106.2,109.0,129.6,0.3,115.7,140.0,525.0,137.7,138.1,113.7,113.1,151.4,projection,126.46040228666848
Q4 2025,515496.7,630466.7,278900.3,426133.8,114.2,113.9,127.4,0.0,140.0,520.0,3.2,6.8,-2.2,1677807.0,0.97,0.26,120.1,102.7,15.5,107.2,-0.4,106.3,109.2,130.5,0.3,116.1,140.0,525.0,138.9,139.3,114.1,113.4,153.1,projection,127.39637560900401
Q1 2026,517026.5,635141.8,280711.4,429077.1,114.7,114.6,128.3,0.0,140.0,520.0,3.2,6.7,-2.2,1667551.0,0.97,0.26,120.6,102.7,15.5,107.4,-0.4,106.4,109.5,131.5,0.3,116.5,140.0,525.0,140.1,140.7,114.5,113.8,154.8,projection,128.3410580095331
Q2 2026,518563.6,639907.4,282648.1,432020.7,115.1,115.2,129.3,0.0,140.0,520.0,3.3,6.7,-2.2,1663393.0,0.97,0.26,121.2,102.8,15.5,107.6,-0.4,106.5,109.7,132.4,0.3,117.0,140.0,525.0,141.3,141.9,114.9,114.2,156.6,projection,129.30402745360092
Q3 2026,520107.8,644639.9,284427.3,435033.4,115.5,115.9,130.3,0.0,140.0,520.0,3.3,6.6,-2.1,1659165.0,0.97,0.26,121.8,102.8,15.5,107.8,-0.4,106.7,110.0,133.4,0.3,117.4,140.0,525.0,142.6,143.2,115.3,114.6,158.4,projection,130.26030848726947
Q4 2026,521658.9,649437.9,286272.9,438061.4,115.9,116.6,131.2,0.0,140.0,520.0,3.3,6.6,-2.1,1654700.0,0.97,0.26,122.4,102.8,15.5,108.0,-0.4,106.8,110.2,134.3,0.3,117.8,140.0,525.0,143.8,144.5,115.8,115.0,160.2,projection,131.22982489499094
