quarter,UK real GDP,UK nominal GDP,UK CPI,UK unemployment rate,UK corporate profits,UK household income,UK residential property price index,UK commercial real estate price index - aggregate,UK commercial real estate price index - prime,UK commercial real estate price index - secondary,UK equity prices,Bank Rate,Sterling IG corporate bond spread,Sterling HY corporate bond spread,Secured lending to UK individuals,Consumer credit to UK individuals,Lending to UK PNFCs,Deposit volumes,PPP-weighted World real GDP,Oil price,Volatility index,GBP-EUR exchange rate index,GBP-USD exchange rate index,Euro area real GDP,France real GDP,Germany real GDP,Ireland real GDP,Euro area consumer price index,Euro area unemployment rate,ECB policy rate,Euro area residential property price index,Euro area commercial real estate price index,US real GDP,US unemployment rate,US equity prices,US policy rate,US residential real estate price index,US commercial real estate price index,US dollar IG corporate bond spread,US dollar HY corporate bond spread,China real GDP,China household income growth,China residential property price index,Hong Kong real GDP,Hong Kong unemployment rate,Hong Kong residential property price index,Hong Kong commercial real estate price index,India real GDP,Singapore real GDP,South Africa real GDP,period_kind
Q1 2000,351979.0,266240.0,72.1,5.8,129013.4,192956.0,38.2,,,,81.1,5.9,125.2,555.0,8.4,14.5,8.7,604846.0,53.9,26.8,23.1,141.3,129.4,83.0,82.4,82.1,47.4,74.8,9.3,2.5,62.8,66.6,73.5,4.0,64.9,5.7,54.5,42.7,124.9,502.9,21.8,,,55.5,5.8,31.6,22.9,31.9,43.1,62.2,history
Q2 2000,354546.0,269907.0,72.7,5.5,128357.2,194761.0,38.8,,,,80.0,6.0,143.4,615.7,8.5,14.1,12.9,613899.0,54.6,26.7,24.9,142.5,123.4,83.8,83.1,82.9,48.6,75.2,9.0,3.3,63.6,69.0,74.9,3.9,66.1,6.3,55.8,42.1,164.5,596.2,22.4,,,55.6,5.2,29.5,22.0,31.9,44.1,62.8,history
Q3 2000,355557.0,272030.0,72.7,5.3,127064.7,199361.0,38.8,,,,82.5,6.0,144.5,672.5,8.2,13.1,16.9,624557.0,55.1,30.4,19.2,141.8,119.1,84.3,83.7,82.8,50.1,75.7,8.9,3.5,64.4,69.9,75.0,4.0,67.5,6.5,56.9,46.6,169.4,630.9,23.4,,,56.3,4.9,28.5,20.5,32.3,45.5,63.4,history
Q4 2000,356094.0,272686.0,73.2,5.2,125166.8,202536.0,39.5,,,,80.2,6.0,131.0,857.9,8.0,12.5,12.6,636736.0,55.4,29.5,26.1,144.5,116.6,85.0,84.3,82.9,50.9,76.1,8.6,3.8,65.3,71.4,75.5,3.9,62.4,6.5,58.3,48.2,188.8,811.6,24.2,,,56.7,4.5,27.5,20.6,32.3,45.8,63.9,history
Q1 2001,360749.0,275097.0,72.8,5.1,124380.2,205752.0,40.4,,,,77.0,5.9,127.1,736.3,8.1,11.5,11.9,647441.0,55.7,25.7,25.7,137.3,117.6,85.7,84.8,84.2,51.6,76.3,8.4,3.8,66.2,71.7,75.2,4.2,58.3,5.6,59.5,47.5,182.5,801.9,23.8,5.3,,56.5,4.5,26.5,20.5,32.5,45.5,64.3,history
Q2 2001,363235.0,280259.0,73.8,5.0,128137.4,206118.0,41.7,,,,74.4,5.4,118.9,735.8,8.4,12.1,9.9,660070.0,55.9,27.3,23.9,141.3,114.5,85.8,84.9,84.3,52.2,77.4,8.4,3.5,67.1,72.8,75.6,4.4,56.4,4.3,60.4,47.2,163.2,806.8,24.3,8.4,,56.4,4.5,26.5,19.6,33.2,44.4,64.7,history
Q3 2001,365696.0,281273.0,73.8,5.1,128239.9,208942.0,43.2,,,,67.8,5.1,114.6,793.3,9.2,12.8,6.6,670045.0,56.3,25.3,25.7,140.1,115.8,85.8,85.2,84.1,52.3,77.4,8.4,2.8,68.0,73.7,75.4,4.8,52.6,3.6,61.4,48.0,158.6,842.8,25.2,11.5,,56.4,4.8,25.7,18.2,33.6,43.3,64.8,history
Q4 2001,367157.0,283946.0,73.9,5.2,129373.8,209093.0,44.5,,,,65.9,4.2,122.8,878.3,9.8,13.9,8.7,683556.0,56.7,19.4,27.8,139.9,116.3,86.0,85.1,84.2,52.9,77.7,8.4,2.3,68.9,73.7,75.6,5.5,51.0,2.1,62.4,46.2,179.6,898.5,26.1,12.2,,56.0,5.9,24.1,17.0,34.4,43.6,65.3,history
Q1 2002,368690.0,287487.0,73.9,5.2,132161.6,211256.0,46.2,,,,66.8,4.0,107.6,857.8,10.5,15.2,5.1,693552.0,57.1,21.1,21.4,141.2,115.0,86.1,85.5,83.9,54.1,78.2,8.5,2.3,70.2,74.3,76.3,5.7,51.8,1.8,63.5,46.8,172.7,786.9,25.9,15.2,,56.1,6.8,24.1,17.0,34.6,45.1,66.2,history
Q2 2002,371397.0,290596.0,74.5,5.2,133235.1,214875.0,48.8,,,,65.4,4.0,100.0,697.2,11.4,15.0,3.0,708897.0,57.5,25.1,21.6,138.2,117.8,86.6,85.9,84.1,54.5,79.0,8.6,2.3,71.5,74.3,76.7,5.8,49.0,1.8,65.0,46.3,177.8,735.2,26.4,15.1,,56.9,7.3,23.6,16.5,34.9,46.5,67.0,history
Q3 2002,374205.0,295078.0,74.6,5.3,136292.4,215256.0,51.9,,,,53.5,4.0,125.6,820.3,12.2,15.8,3.8,716342.0,58.0,26.9,34.9,136.7,124.8,86.9,86.2,84.5,55.7,79.1,8.7,2.3,72.5,74.7,77.1,5.7,41.0,1.8,66.6,47.2,221.0,966.8,27.6,9.9,,57.8,7.4,22.4,16.4,35.1,46.3,67.5,history
Q4 2002,377469.0,299491.0,75.0,5.1,138855.7,215967.0,55.3,,,,51.1,4.0,135.5,884.8,13.3,15.4,7.7,730967.0,58.6,26.8,30.6,136.3,126.7,87.0,86.1,84.3,56.3,79.5,8.9,1.8,73.4,75.0,77.1,5.9,40.6,1.4,68.2,48.5,222.5,979.2,28.5,9.0,,58.2,7.3,21.3,15.5,35.1,46.3,68.0,history
Q1 2003,380565.0,304228.0,75.0,5.2,142686.5,219994.0,57.8,,,,47.3,3.8,128.0,859.8,14.0,14.6,8.7,748772.0,59.2,31.4,30.0,129.7,129.2,86.8,86.3,83.3,55.8,80.0,9.0,1.5,74.5,74.7,77.5,5.9,39.4,1.3,69.6,50.4,170.6,822.5,28.8,10.8,,58.2,7.5,20.5,14.9,35.9,46.9,68.6,history
Q2 2003,384014.0,307819.0,75.5,4.9,142635.8,222103.0,59.7,,,,51.3,3.8,108.6,700.4,14.1,14.8,11.3,764406.0,59.8,26.1,21.5,123.7,130.4,86.9,86.1,83.3,56.1,80.5,9.1,1.0,75.7,74.8,78.3,6.1,42.9,1.2,70.9,50.8,135.2,665.8,28.8,7.1,,56.8,8.2,19.5,14.1,36.8,46.3,68.9,history
Q3 2003,387841.0,312341.0,75.6,5.0,143947.8,223671.0,61.7,,,,54.6,3.5,87.3,601.1,14.7,14.1,9.3,776417.0,60.6,28.4,19.3,124.1,129.8,87.3,86.8,83.8,56.9,80.7,9.1,1.0,76.8,75.2,79.6,6.1,45.7,1.0,72.7,50.2,118.2,567.8,30.4,10.6,,60.2,8.3,19.4,14.7,37.8,48.8,69.3,history
Q4 2003,391048.0,318061.0,76.0,4.9,148208.3,227758.0,64.6,,,,57.1,3.6,75.5,474.0,15.1,13.5,7.0,795515.0,61.4,29.4,17.4,124.4,137.6,88.0,87.4,84.1,60.0,81.1,9.1,1.0,78.0,75.5,80.5,5.8,48.3,1.0,74.7,49.6,102.9,459.8,31.3,11.3,,60.9,7.7,21.1,16.2,39.0,50.3,69.7,history
Q1 2004,393247.0,320320.0,75.9,4.8,149123.2,226851.0,67.8,,,,59.0,3.9,78.8,421.4,15.3,13.9,6.9,809967.0,62.3,32.0,16.6,127.6,148.1,88.5,88.2,84.0,59.6,81.4,9.3,1.0,79.1,75.6,81.0,5.7,51.8,1.0,77.1,52.0,94.3,420.2,31.8,12.1,,62.6,7.3,24.1,21.2,39.1,51.7,70.8,history
Q2 2004,395113.0,325462.0,76.5,4.8,152010.5,230131.0,71.4,,,,59.3,4.2,83.6,398.2,15.4,13.8,5.4,825468.0,63.2,35.4,16.2,130.1,145.6,89.0,88.7,84.3,60.9,82.4,9.3,1.0,80.6,76.4,81.6,5.6,51.4,1.0,79.8,54.6,95.5,409.7,32.1,11.8,,63.7,6.9,25.2,23.3,40.1,52.4,71.8,history
Q3 2004,395867.0,327320.0,76.6,4.7,150970.1,234393.0,73.6,,,,58.6,4.7,84.1,402.8,14.6,14.0,8.9,845361.0,64.0,41.6,15.4,129.1,146.5,89.2,89.0,84.2,61.1,82.5,9.2,1.0,82.1,76.4,82.3,5.4,50.5,1.4,82.2,58.5,96.3,399.0,33.4,10.3,,64.5,6.6,25.4,23.8,41.0,52.7,72.9,history
Q4 2004,398259.0,331772.0,77.1,4.7,152552.6,235293.0,73.9,,,,62.4,4.8,77.1,339.9,13.1,14.1,7.9,866211.0,64.7,44.0,13.6,124.8,150.4,89.6,89.6,84.3,62.7,83.0,9.3,1.0,83.6,77.1,83.0,5.4,53.2,1.9,84.8,59.8,87.8,330.1,34.1,10.6,,65.8,6.7,27.3,26.8,41.8,53.9,73.7,history
Q1 2005,400558.0,335287.0,77.3,4.7,155859.8,236434.0,74.5,,,,65.7,4.8,69.5,284.9,11.7,13.7,11.3,882881.0,65.4,47.8,12.8,125.1,152.3,89.7,89.9,84.1,62.9,83.1,9.1,1.0,85.1,77.6,83.9,5.3,54.5,2.4,88.0,59.9,83.6,305.0,35.3,11.3,,66.5,6.2,29.4,29.5,42.6,54.4,74.5,history
Q2 2005,404875.0,343740.0,78.0,4.8,161295.6,240355.0,75.0,,,,65.9,4.8,82.8,378.4,10.8,12.6,16.0,903256.0,66.2,51.6,13.4,127.9,149.5,90.3,90.0,84.7,64.2,84.1,9.2,1.0,86.6,78.7,84.3,5.1,54.1,2.9,91.1,62.1,100.1,396.4,35.6,12.0,,68.5,5.8,30.9,32.4,43.9,55.8,75.8,history
Q3 2005,409270.0,346479.0,78.4,4.7,161321.5,242493.0,75.7,,,,70.7,4.6,74.1,374.1,10.1,11.1,16.1,919651.0,67.0,61.7,12.3,127.0,143.9,91.0,90.5,85.3,64.7,84.4,9.0,1.0,88.1,80.1,85.0,5.0,56.0,3.4,94.0,63.7,89.3,350.3,37.0,12.0,,69.8,5.6,30.6,32.9,44.5,57.3,76.8,history
Q4 2005,414816.0,353951.0,78.8,5.1,166747.6,246893.0,76.9,,,,72.7,4.5,75.2,376.5,10.2,9.6,17.8,936534.0,67.9,56.9,12.7,127.6,140.8,91.5,91.1,85.7,66.6,84.9,9.0,1.3,89.7,81.9,85.5,5.0,56.3,4.0,96.6,66.5,94.2,362.1,38.3,10.3,,70.7,5.3,29.5,32.4,45.6,58.9,77.3,history
Q1 2006,416183.0,358099.0,78.7,5.2,168181.5,244966.0,78.6,,,,78.7,4.5,75.6,351.4,10.5,7.8,16.9,957197.0,68.8,61.9,12.0,126.5,141.2,92.4,91.9,86.5,67.6,85.0,8.8,1.5,91.2,83.1,86.6,4.7,58.7,4.4,98.7,68.1,89.4,337.8,39.7,12.1,,72.2,5.1,29.9,31.3,46.8,60.2,78.7,history
Q2 2006,417146.0,362278.0,79.8,5.5,168410.6,248705.0,80.1,,,,79.3,4.5,75.5,296.4,10.7,6.8,15.9,976547.0,69.7,69.8,14.5,126.2,147.3,93.4,92.6,87.8,68.0,86.1,8.5,1.8,92.6,84.9,86.8,4.6,58.6,4.9,99.0,71.2,90.9,312.0,40.5,11.0,,73.0,4.9,30.5,33.4,47.5,60.6,79.8,history
Q3 2006,417741.0,365835.0,80.3,5.5,168608.3,254207.0,81.4,,,,79.3,4.7,81.2,281.1,11.0,5.9,18.1,996956.0,70.7,70.2,13.6,127.7,151.1,93.9,92.7,88.7,69.3,86.2,8.3,2.0,93.8,87.9,86.9,4.6,58.9,5.3,98.4,74.4,97.1,340.6,41.5,10.9,,74.3,4.8,30.3,34.4,49.0,61.9,80.9,history
Q4 2006,419236.0,369432.0,80.9,5.5,166784.2,257755.0,84.4,,,,84.0,4.9,80.1,235.5,11.4,5.7,18.2,1015758.0,71.8,59.7,11.0,128.9,154.4,95.0,93.4,89.9,68.8,86.4,8.0,2.5,95.0,89.0,87.6,4.4,63.5,5.3,98.8,74.0,93.5,313.2,43.1,14.3,,75.4,4.5,30.5,34.1,49.9,63.8,82.0,history
Q1 2007,423472.0,375722.0,81.0,5.5,173206.7,259904.0,86.8,,,,86.3,5.2,78.2,202.0,11.5,4.8,18.3,1035801.0,72.9,58.1,12.5,129.4,157.5,95.7,94.1,90.3,71.9,86.6,7.8,2.8,96.0,91.0,87.6,4.5,65.2,5.3,99.3,77.3,89.6,275.2,45.2,19.5,,76.4,4.4,31.6,35.5,51.3,65.4,83.4,history
Q2 2007,426600.0,379527.0,81.8,5.4,173085.5,265217.0,88.6,,,,90.1,5.4,79.0,207.9,11.2,4.5,17.7,1059155.0,73.9,68.7,13.7,127.8,160.1,96.3,94.7,90.9,70.9,87.8,7.5,3.0,96.9,92.8,88.3,4.5,68.5,5.3,97.8,80.5,94.1,263.2,46.5,15.3,,77.7,4.3,32.8,37.4,52.6,66.7,84.1,history
Q3 2007,429845.0,385302.0,81.7,5.3,176160.9,268733.0,89.7,,,,87.2,5.7,114.4,341.3,11.0,5.1,16.5,1075747.0,74.8,74.9,21.5,127.6,162.9,96.7,95.1,91.7,69.1,87.8,7.5,3.0,98.0,94.4,88.9,4.7,68.1,5.2,96.0,84.8,132.0,402.2,47.4,17.6,,79.2,4.1,34.0,40.1,53.5,68.7,85.0,history
Q4 2007,433079.0,390339.0,82.6,5.2,179952.4,269328.0,89.6,,,,87.8,5.7,150.6,493.2,9.9,5.0,16.6,1097380.0,75.4,88.8,22.1,122.5,164.7,97.2,95.4,92.0,72.0,88.9,7.3,3.0,98.5,95.5,89.2,4.8,68.4,4.5,94.4,85.6,172.2,502.6,49.0,16.2,,80.6,3.7,37.0,45.4,55.3,68.3,86.3,history
Q1 2008,433710.0,394836.0,82.9,5.2,181944.0,267426.0,88.2,,,,79.8,5.4,205.4,725.5,8.8,5.6,14.3,1122517.0,76.0,96.5,26.1,114.6,159.4,97.7,95.7,92.8,69.7,89.5,7.3,3.0,99.5,95.8,88.6,5.0,61.8,3.2,92.4,81.7,241.9,733.0,50.4,11.5,,81.7,3.3,40.9,49.4,55.6,70.9,86.6,history
Q2 2008,430887.0,393634.0,84.6,5.3,183078.6,270537.0,84.0,,,,81.1,5.0,216.7,739.3,7.2,5.7,13.2,1138524.0,76.7,122.1,20.7,109.5,158.8,97.4,95.2,92.5,68.3,91.0,7.4,3.0,99.6,94.7,89.0,5.3,62.7,2.1,89.7,76.2,253.1,689.6,51.6,18.0,,80.8,3.3,41.2,50.3,56.2,68.7,87.7,history
Q3 2008,423618.0,390964.0,85.7,5.9,180707.5,269388.0,79.4,,,,72.4,5.0,243.3,872.6,4.9,4.7,9.0,1141435.0,76.8,115.9,25.0,109.2,152.5,96.9,95.0,92.2,68.1,91.2,7.6,3.3,99.1,94.5,88.6,6.0,57.3,2.0,87.2,79.5,313.7,831.9,51.9,15.4,,79.9,3.3,40.3,48.9,56.7,68.5,87.9,history
Q4 2008,414037.0,384818.0,85.8,6.4,175685.4,272876.0,75.7,,,,56.7,3.4,409.3,1927.8,3.1,3.7,3.8,1168933.0,76.5,55.9,58.3,103.4,126.6,95.2,93.6,90.4,65.3,91.0,8.1,2.0,97.9,92.8,86.7,6.9,41.7,1.1,84.0,75.8,574.2,1760.2,52.5,13.8,,78.3,3.9,35.3,41.9,56.8,66.1,87.4,history
Q1 2009,407291.0,378609.0,85.4,7.1,171761.3,266004.0,73.1,,,,54.0,1.1,491.5,2322.9,1.6,2.4,2.8,1165193.0,76.1,45.0,44.9,95.5,115.6,92.3,92.0,86.3,65.5,90.3,9.0,0.5,96.5,90.8,85.5,8.3,37.1,0.3,80.8,71.1,530.4,1695.2,53.5,10.2,,75.6,5.0,35.3,37.0,55.7,64.5,86.0,history
Q2 2009,406353.0,377963.0,86.4,7.8,165636.1,275581.0,73.0,,,,57.8,0.5,442.5,1907.2,0.8,1.1,-1.2,1165664.0,75.8,59.2,33.1,98.7,124.9,92.1,91.9,86.4,65.3,91.1,9.6,0.3,95.2,88.6,85.4,9.3,40.8,0.3,79.6,60.8,414.3,1279.3,55.7,9.3,,78.3,5.3,38.3,40.7,59.0,67.4,85.7,history
Q3 2009,406641.0,380205.0,86.9,7.8,167687.8,277402.0,75.5,,,,64.2,0.5,287.0,1132.9,0.6,-0.6,-3.2,1170121.0,76.2,68.3,25.5,99.6,132.2,92.4,92.1,86.9,64.2,90.9,9.9,0.3,95.0,88.3,85.7,9.6,45.5,0.3,79.8,52.4,253.5,903.2,57.3,8.4,,78.7,5.4,41.5,45.8,60.5,70.3,85.9,history
Q4 2009,408298.0,382682.0,87.6,7.8,166100.8,282124.0,77.4,,,,71.3,0.5,228.5,766.8,0.7,-1.2,-2.5,1173325.0,77.6,74.9,23.0,96.0,131.6,92.9,92.7,87.7,63.9,91.4,10.1,0.3,95.4,87.2,86.5,9.9,49.8,0.3,79.6,52.8,203.5,718.7,58.7,7.3,,80.2,5.1,43.4,48.6,61.8,70.0,86.5,history
Q1 2010,410542.0,387526.0,88.2,8.0,171972.2,284260.0,78.3,,,,73.8,0.5,189.5,626.6,0.8,-1.8,-4.3,1186486.0,78.9,76.8,20.2,97.8,125.6,93.3,93.1,88.4,65.6,91.4,10.2,0.3,95.4,87.1,86.9,9.8,51.4,0.3,78.8,51.0,170.3,620.5,60.0,9.8,,81.7,4.7,46.0,51.1,63.4,75.7,87.6,history
Q2 2010,414699.0,393419.0,89.3,7.9,175893.7,287121.0,78.9,,,,73.5,0.5,198.9,570.0,0.8,-2.2,-4.1,1196089.0,80.2,78.7,26.3,101.8,120.2,94.2,93.7,90.2,66.0,92.6,10.3,0.3,96.1,88.4,87.8,9.6,51.9,0.3,78.7,56.0,175.5,623.6,61.6,10.6,,83.1,4.6,47.9,53.3,64.9,79.9,88.2,history
Q3 2010,417024.0,394272.0,89.6,7.8,174550.0,290613.0,78.2,,,,72.9,0.5,212.8,572.8,0.8,-1.9,-3.4,1199489.0,81.2,76.4,24.3,104.1,125.0,94.6,94.1,90.9,66.5,92.4,10.2,0.3,96.3,89.0,88.3,9.5,50.1,0.3,77.5,56.8,184.3,652.8,63.0,11.2,,83.9,4.3,50.4,55.4,66.8,78.0,89.0,history
Q4 2010,417507.0,397222.0,90.5,7.9,177872.8,289818.0,77.1,,,,79.3,0.5,209.9,569.1,0.5,-1.3,-3.5,1210436.0,82.0,86.9,19.3,101.1,127.3,95.1,94.7,91.6,66.0,93.2,10.1,0.3,97.0,89.4,88.9,9.5,55.1,0.3,76.6,58.8,169.9,570.0,64.5,13.7,,85.2,4.0,53.1,60.7,68.4,80.3,89.8,history
Q1 2011,419828.0,406938.0,91.8,7.8,185731.0,287218.0,77.1,,,,82.0,0.5,201.1,545.6,0.5,-1.4,-2.4,1216492.0,82.8,105.2,18.5,101.6,129.2,95.9,95.7,93.3,65.7,93.6,10.0,0.3,97.2,89.6,88.6,9.0,59.6,0.3,75.7,61.1,150.0,478.7,66.2,12.3,57.8,87.6,3.6,57.2,66.2,69.6,82.6,90.5,history
Q2 2011,420109.0,404307.0,93.3,7.9,183326.9,289804.0,77.1,,,,81.8,0.5,196.5,559.7,0.5,-0.7,-1.5,1223561.0,83.6,117.0,17.4,98.3,131.4,95.9,95.7,93.5,66.5,95.1,10.0,0.5,97.2,91.5,89.2,9.1,60.3,0.3,75.3,60.3,149.4,493.3,67.7,14.2,58.1,87.2,3.6,60.7,72.1,70.5,82.7,90.9,history
Q3 2011,421918.0,406699.0,93.8,8.3,186937.9,291142.0,77.2,,,,75.4,0.5,260.8,746.6,0.5,-0.3,-2.0,1236977.0,84.3,112.9,30.4,98.9,129.7,95.9,96.0,93.9,65.9,94.9,10.2,0.8,97.3,91.7,89.4,9.0,56.1,0.3,74.9,60.3,198.2,661.7,69.0,14.9,58.3,87.4,3.3,60.5,74.0,70.4,84.2,91.5,history
Q4 2011,422965.0,410330.0,94.7,8.4,187946.7,292648.0,77.1,,,,74.3,0.5,325.0,892.8,0.6,-0.9,-2.9,1248114.0,85.1,109.3,29.9,101.3,126.7,95.6,96.2,93.9,65.9,95.9,10.6,0.3,96.7,91.3,90.4,8.6,56.0,0.3,73.9,64.1,245.8,753.3,70.1,15.4,57.3,87.8,3.3,59.5,72.8,71.6,83.9,92.1,history
Q1 2012,424834.0,412672.0,95.1,8.2,187513.7,295347.0,76.9,,,,79.9,0.5,298.4,823.6,0.7,-0.6,-2.9,1254818.0,85.8,118.5,18.3,104.0,126.6,95.4,96.1,94.2,65.5,96.1,10.9,0.3,96.4,91.2,91.0,8.3,61.6,0.3,73.8,64.1,212.6,625.0,71.3,14.0,57.4,88.0,3.3,60.6,72.3,72.6,86.2,92.7,history
Q2 2012,424468.0,413777.0,95.8,8.0,188396.2,300155.0,76.4,,,,76.6,0.5,298.6,809.8,0.8,-0.4,-3.8,1280673.0,86.5,109.0,20.0,107.1,127.5,95.1,95.9,94.3,65.7,97.4,11.3,0.3,95.8,91.3,91.4,8.2,61.7,0.3,75.4,64.5,208.4,628.8,72.8,12.5,57.1,88.5,3.2,66.1,77.2,73.4,86.8,93.4,history
Q3 2012,429319.0,423666.0,96.1,7.9,194009.8,301926.0,76.1,,,,79.4,0.5,260.9,745.2,0.9,0.1,-3.4,1292968.0,87.2,109.9,16.2,109.6,127.3,95.0,96.2,94.5,64.8,97.3,11.5,0.0,94.8,91.0,91.5,8.0,64.1,0.3,76.6,66.9,186.2,585.1,74.2,12.5,57.5,89.2,3.3,69.2,81.8,74.8,85.6,93.8,history
Q4 2012,428321.0,424929.0,97.3,7.8,196639.8,297799.0,76.5,,,,81.2,0.5,210.3,599.3,0.9,1.2,-2.8,1306032.0,88.0,110.5,16.8,107.4,129.4,94.5,96.2,94.0,65.1,98.1,11.8,0.0,94.7,90.5,91.6,7.8,64.8,0.3,77.8,67.5,154.2,542.2,75.7,11.4,58.0,90.2,3.3,73.8,88.9,75.6,87.6,94.4,history
Q1 2013,431025.0,429001.0,97.7,7.9,199275.3,297757.0,77.3,,,,87.9,0.5,192.1,512.8,0.7,2.4,-2.7,1322391.0,88.7,112.8,13.6,102.1,125.1,94.3,96.1,93.9,64.7,97.9,12.0,0.0,94.0,90.3,92.2,7.7,69.2,0.3,79.8,68.8,145.3,484.0,77.1,6.0,62.5,91.0,3.5,77.6,95.8,76.9,88.8,94.9,history
Q2 2013,433271.0,431909.0,98.4,7.7,195880.4,304196.0,78.3,,,,90.3,0.5,175.2,496.2,0.8,3.3,-3.4,1343184.0,89.4,103.0,14.8,102.1,123.7,94.7,96.8,94.7,65.3,98.8,12.1,0.0,93.7,90.3,92.4,7.5,73.6,0.3,82.3,72.4,148.6,465.3,78.4,5.8,65.2,91.4,3.4,78.8,98.0,78.1,90.8,96.1,history
Q3 2013,436560.0,438341.0,98.7,7.6,202814.0,308032.0,80.1,,,,92.2,0.5,169.3,488.0,0.9,4.4,-2.0,1348698.0,90.1,110.0,14.4,101.6,124.9,95.0,96.8,95.2,67.6,98.6,12.0,0.0,93.6,90.0,93.1,7.3,76.5,0.3,84.4,76.2,153.8,468.5,80.1,11.5,68.0,91.9,3.4,80.3,99.4,79.3,91.2,96.2,history
Q4 2013,438707.0,440312.0,99.3,7.2,202751.6,309714.0,82.1,,,,93.8,0.5,147.9,423.1,1.1,4.9,-0.3,1357086.0,90.9,109.4,14.2,103.2,130.5,95.2,97.0,95.5,66.3,98.9,11.9,0.0,93.5,89.8,94.0,6.9,81.0,0.3,86.2,78.0,141.5,429.9,81.4,7.9,68.8,92.8,3.3,80.2,99.1,81.0,92.7,97.7,history
Q1 2014,442615.9,446657.0,99.4,6.8,207816.1,311898.0,84.3,,,,95.4,0.5,138.8,358.3,1.4,5.4,-1.3,1368547.0,91.7,107.9,14.8,104.8,133.4,95.5,97.0,96.1,68.9,98.5,11.9,0.0,93.6,90.2,93.7,6.7,83.9,0.3,87.6,78.1,124.2,393.5,82.7,9.8,70.2,93.6,3.1,79.8,99.8,82.0,93.1,97.0,history
Q2 2014,446794.2,454849.0,100.1,6.3,216005.0,317180.0,86.3,,,,96.0,0.5,132.5,327.4,1.7,5.7,0.3,1382996.0,92.5,109.8,12.7,106.5,135.6,95.7,97.2,96.0,71.1,99.4,11.6,-0.1,94.0,90.9,94.6,6.2,86.9,0.3,88.1,81.5,112.2,364.6,84.2,9.3,69.8,93.5,3.2,80.9,100.7,83.6,93.5,97.3,history
Q3 2014,450676.8,459678.0,100.1,6.0,218784.5,318715.0,88.1,,,,95.7,0.5,134.5,374.7,1.9,6.1,0.0,1393743.0,93.2,102.2,13.0,109.3,134.5,96.0,97.5,96.3,72.7,99.0,11.5,-0.2,94.3,92.0,95.8,6.1,90.4,0.3,88.8,83.4,111.7,389.2,85.7,8.8,67.9,94.8,3.3,85.4,101.7,85.1,94.0,98.0,history
Q4 2014,454196.6,461296.0,100.2,5.7,217221.9,321384.0,88.8,,,,92.8,0.5,146.4,441.6,1.9,6.6,-1.5,1412172.0,94.0,75.8,16.0,110.0,127.5,96.5,97.7,97.0,73.3,99.1,11.4,-0.2,94.4,91.9,96.3,5.7,92.0,0.3,90.1,86.1,133.1,468.7,87.3,7.9,66.6,95.2,3.3,89.7,102.6,86.6,96.0,99.2,history
Q1 2015,456117.9,462745.0,99.5,5.6,217391.2,319907.0,90.1,,,,97.1,0.5,136.1,412.9,1.9,7.1,0.0,1420811.0,94.7,53.9,16.6,116.8,122.0,97.2,98.3,97.2,88.3,98.2,11.2,-0.2,94.8,92.7,96.8,5.5,94.4,0.3,91.3,89.1,142.5,489.8,89.0,8.3,67.4,95.8,3.3,94.5,103.8,88.0,95.3,99.5,history
Q2 2015,458389.3,469585.0,100.1,5.6,222217.8,323221.0,92.0,,,,99.8,0.5,135.3,375.9,2.0,7.7,-0.5,1437322.0,95.5,62.1,13.7,120.2,123.5,97.6,98.3,97.7,89.2,99.6,11.0,-0.2,95.2,95.4,97.4,5.4,96.1,0.3,92.0,90.4,136.2,460.1,90.6,7.9,71.9,96.4,3.3,97.8,106.5,90.1,95.4,98.8,history
Q3 2015,460337.5,469289.0,100.1,5.3,219480.5,326566.0,93.3,,,,93.1,0.5,159.9,414.7,2.3,8.2,0.2,1451127.0,96.2,50.2,19.4,120.9,124.8,97.9,98.6,97.9,90.2,99.1,10.7,-0.2,95.7,96.0,97.9,5.1,92.7,0.3,92.9,92.7,161.3,553.6,92.2,8.9,77.4,96.9,3.3,99.8,110.0,91.8,96.0,98.8,history
Q4 2015,463265.2,471095.0,100.3,5.1,219829.2,328781.0,94.8,,,,91.5,0.5,172.9,444.6,2.8,8.7,1.0,1472062.0,96.9,43.3,17.0,120.2,122.2,98.4,98.9,98.3,93.8,99.3,10.5,-0.3,96.5,97.2,98.1,5.0,93.9,0.3,94.7,94.4,168.2,642.0,93.6,7.5,80.1,97.0,3.3,96.0,109.4,93.3,97.2,99.1,history
Q1 2016,465442.6,478085.0,99.8,5.1,225423.2,330851.0,96.9,,,,87.6,0.5,199.4,531.6,3.4,9.7,2.2,1495475.0,97.6,34.5,20.5,112.7,115.3,98.9,99.5,99.0,91.8,98.3,10.3,-0.4,97.4,98.0,98.3,4.9,89.3,0.5,96.1,94.5,193.8,757.9,94.8,8.0,87.4,96.7,3.3,89.8,104.6,95.4,97.1,98.8,history
Q2 2016,468263.1,483971.0,100.4,4.9,226003.8,333802.0,98.0,,,,90.5,0.5,177.3,509.6,3.3,10.3,3.8,1528560.0,98.3,46.0,15.6,110.3,115.6,99.2,99.4,99.4,92.5,99.5,10.1,-0.4,98.2,98.7,98.7,4.9,94.9,0.5,96.6,96.4,158.3,633.0,96.6,8.1,92.9,98.0,3.4,90.0,100.1,96.7,97.2,99.7,history
Q3 2016,470969.7,487915.0,100.9,4.8,226382.6,335825.0,98.4,,,,97.7,0.3,153.8,511.1,3.2,10.4,3.8,1555060.0,99.1,45.8,13.2,102.1,105.8,99.6,99.6,99.6,96.2,99.3,9.9,-0.4,99.1,99.3,99.5,4.9,98.9,0.5,97.7,98.8,145.7,535.9,98.3,7.2,100.4,98.8,3.4,94.3,100.0,98.4,97.1,99.9,history
Q4 2016,473983.9,494885.9,101.5,4.8,231998.9,339118.6,100.0,100.0,100.0,100.0,100.0,0.3,151.3,469.4,3.1,10.6,3.2,1590313.4,100.0,50.1,14.0,100.0,100.0,100.0,100.0,100.0,100.0,100.0,9.7,-0.4,100.0,100.0,100.0,4.7,100.0,0.5,100.0,100.0,135.0,463.4,100.0,7.8,100.0,100.0,3.3,100.0,100.0,100.0,100.0,100.0,year_zero
Q1 2017,476353.8,498999.9,101.9,4.9,233863.4,342470.9,101.5,99.5,99.5,99.5,100.8,0.2,150.7,475.1,2.7,10.6,2.2,1605104.7,100.9,55.1,14.4,100.0,100.0,100.4,100.3,100.3,100.9,100.1,9.8,-0.4,100.9,100.9,100.6,4.8,101.1,0.7,101.1,101.1,135.9,470.4,101.5,7.6,101.7,100.4,3.1,100.7,100.7,101.83906751278286,99.7,100.2,projection
Q2 2017,478306.9,501938.6,102.9,4.9,234312.8,345014.1,102.9,98.1,98.1,98.1,101.4,0.2,150.1,480.9,3.1,10.6,1.3,1619291.1,101.7,56.3,14.8,100.0,100.0,100.7,100.6,100.7,101.7,100.4,9.7,-0.4,101.7,101.7,101.2,4.8,102.3,0.9,102.3,102.3,136.9,477.3,103.0,7.4,103.4,100.9,3.1,101.3,101.3,103.66803025899908,99.7,100.4,projection
Q3 2017,480172.3,504634.4,103.5,5.0,234335.4,346132.4,103.9,96.4,96.4,96.4,102.0,0.3,149.5,486.6,3.3,10.8,0.7,1632613.7,102.6,57.2,15.2,100.0,100.0,101.1,101.0,101.0,102.6,100.7,9.6,-0.3,102.4,102.4,101.7,4.8,103.4,1.0,103.4,103.4,137.8,484.3,104.5,7.2,105.3,101.5,3.0,102.3,102.3,105.59375570248037,100.0,100.7,projection
Q4 2017,482013.4,508188.3,104.2,5.0,235371.6,347804.6,104.9,94.7,94.7,94.7,102.7,0.3,148.9,492.3,3.4,10.7,1.1,1644721.3,103.5,57.3,15.6,100.0,100.0,101.5,101.4,101.4,103.4,101.1,9.5,-0.3,103.2,103.2,102.3,4.7,104.6,1.2,104.6,104.6,138.7,491.3,106.1,7.0,107.3,102.2,3.0,103.7,103.7,107.61123545500287,100.7,101.1,projection
Q1 2018,483929.6,513446.9,104.7,5.0,238234.4,350751.9,105.9,93.4,93.4,93.4,103.8,0.3,148.3,498.0,3.6,10.3,0.6,1656442.6,104.4,57.3,16.0,100.0,100.0,101.9,101.8,101.7,104.1,101.4,9.5,-0.3,104.0,104.0,102.8,4.7,105.8,1.3,105.8,105.8,139.6,498.3,107.6,7.0,109.2,102.9,3.0,105.1,105.1,109.6068068816305,101.4,101.5,projection
Q2 2018,485966.5,517767.7,105.7,5.0,239516.3,354220.7,106.8,93.2,93.2,93.2,104.6,0.4,147.7,503.7,3.8,9.5,0.7,1668078.3,105.3,57.2,16.4,100.0,100.0,102.3,102.2,102.1,104.9,101.7,9.4,-0.3,104.7,104.7,103.3,4.7,106.9,1.4,106.9,106.9,140.6,505.3,109.2,6.9,111.2,103.7,3.0,106.4,106.4,111.59141363009586,102.0,101.9,projection
Q3 2018,488058.8,522093.5,106.2,5.0,241185.0,357133.6,107.8,93.7,93.7,93.7,105.5,0.4,147.1,509.4,3.9,8.8,0.9,1681217.3,106.3,57.1,16.8,100.0,100.0,102.7,102.6,102.4,105.7,102.0,9.3,-0.3,105.5,105.5,103.8,4.7,108.1,1.5,108.1,108.1,141.5,512.2,110.8,6.9,113.3,104.5,2.9,107.7,107.7,113.69865268244033,102.7,102.4,projection
Q4 2018,490162.3,526432.1,107.0,5.0,242766.3,359900.1,108.8,94.9,94.9,94.9,106.4,0.4,146.5,515.1,4.0,8.2,1.0,1694490.6,107.3,56.9,17.2,100.0,100.0,103.1,103.1,102.7,106.4,102.4,9.2,-0.3,106.2,106.2,104.3,4.8,109.2,1.6,109.2,109.2,142.4,519.2,112.5,6.8,115.5,105.3,3.0,108.9,108.9,115.92426346378703,103.4,103.0,projection
Q1 2019,492254.7,532259.1,107.3,5.0,245678.0,362858.0,109.7,96.5,96.5,96.5,107.6,0.5,145.8,520.8,4.0,8.0,0.8,1707678.0,108.3,56.9,17.6,100.0,100.0,103.5,103.5,103.1,107.2,102.8,9.1,-0.2,107.0,107.0,104.8,4.8,110.4,1.7,110.4,110.4,143.4,526.2,114.1,6.7,117.7,106.2,3.0,110.1,110.1,118.12571018770161,104.0,103.6,projection
Q2 2019,494334.8,536596.7,108.4,4.9,246240.8,366038.0,110.7,98.5,98.5,98.5,108.4,0.5,145.2,526.6,4.1,8.1,0.7,1720654.2,109.2,56.9,18.0,100.0,100.0,103.9,103.9,103.4,107.9,103.2,9.0,-0.2,107.7,107.7,105.3,4.8,111.5,1.7,111.5,111.5,144.3,533.2,115.8,6.7,119.9,107.0,3.0,111.3,111.3,120.3150610504913,104.7,104.2,projection
Q3 2019,496402.7,541053.0,108.8,4.9,247523.7,368869.3,111.7,100.4,100.4,100.4,109.3,0.6,144.6,532.3,4.1,8.2,0.6,1733677.1,110.2,56.8,18.4,100.0,100.0,104.3,104.4,103.7,108.6,103.6,8.9,-0.1,108.5,108.5,105.8,4.9,112.6,1.8,112.6,112.6,145.2,540.2,117.4,6.6,122.2,107.9,3.0,112.5,112.5,122.62308731251457,105.4,104.8,projection
Q4 2019,498480.3,545911.8,109.5,4.8,249277.1,372021.6,112.7,102.8,102.8,102.8,110.3,0.6,144.0,538.0,4.1,8.4,0.6,1745308.6,111.3,56.8,18.8,100.0,100.0,104.7,104.9,104.1,109.4,104.0,8.9,-0.1,109.3,109.3,106.2,4.9,113.7,1.8,113.7,113.7,146.1,547.2,119.2,6.5,124.7,108.7,3.0,113.8,113.8,125.04398318004759,106.1,105.3,projection
Q1 2020,500574.3,552176.1,109.9,4.8,252407.6,375616.6,113.7,105.2,105.2,105.2,111.6,0.7,144.0,538.0,4.1,8.5,0.7,1757391.6,112.3,56.9,18.8,100.0,100.0,105.1,105.3,104.4,110.2,104.4,8.8,0.0,110.1,110.1,106.7,4.9,114.8,1.9,114.8,114.8,146.1,547.2,120.9,6.5,127.1,109.5,3.0,115.0,115.0,127.45174782003943,106.8,105.9,projection
Q2 2020,502752.1,557247.6,110.9,4.8,254247.2,378719.4,114.8,107.3,107.3,107.3,112.6,0.7,144.0,538.0,4.1,8.5,0.9,1768792.8,113.3,57.0,18.8,100.0,100.0,105.5,105.8,104.7,110.9,104.8,8.7,0.1,110.9,110.9,107.2,4.9,115.8,1.9,115.8,115.8,146.1,547.2,122.6,6.5,129.5,110.3,3.0,116.2,116.2,129.84635527620233,107.5,106.5,projection
Q3 2020,505027.2,562228.0,111.3,4.7,255964.1,382193.0,115.8,109.3,109.3,109.3,113.6,0.8,144.0,538.0,4.1,8.6,1.1,1780437.1,114.4,57.1,18.8,100.0,100.0,105.9,106.3,105.0,111.7,105.2,8.7,0.1,111.7,111.7,107.6,4.9,117.0,2.0,117.0,117.0,146.1,547.2,124.4,6.5,132.1,111.2,3.0,117.5,117.5,132.40049663148164,108.2,107.1,projection
Q4 2020,507401.1,567431.5,112.0,4.7,257853.5,385753.5,116.8,111.1,111.1,111.1,114.7,0.8,144.0,538.0,4.1,8.6,1.3,1792130.9,115.5,57.1,18.8,100.0,100.0,106.3,106.8,105.4,112.5,105.6,8.6,0.2,112.5,112.5,108.0,4.9,118.1,2.0,118.1,118.1,146.1,547.2,126.2,6.5,134.7,112.0,3.0,118.8,118.8,135.1206237034422,108.9,107.6,projection
Q1 2021,509874.8,572765.1,112.3,4.7,259817.3,389385.7,117.9,112.6,112.6,112.6,115.7,0.9,144.0,538.0,4.1,8.2,1.4,1803922.7,116.5,57.3,18.8,100.0,100.0,106.7,107.3,105.7,113.3,106.1,8.5,0.3,113.3,113.3,108.5,4.9,119.2,2.0,119.2,119.2,146.1,547.2,128.0,6.5,137.3,112.8,3.0,120.2,120.2,137.81120166087322,109.6,108.2,projection
Q2 2021,512449.8,578233.2,113.3,4.6,261858.9,393091.6,118.9,113.8,113.8,113.8,116.8,1.0,144.0,538.0,4.1,8.2,1.4,1815721.1,117.6,57.5,18.8,100.0,100.0,107.1,107.8,106.0,114.0,106.5,8.5,0.3,114.1,114.1,108.9,4.9,120.3,2.0,120.3,120.3,146.1,547.2,129.8,6.5,140.0,113.6,3.0,121.5,121.5,140.48699622293043,110.3,108.8,projection
Q3 2021,515127.4,583838.1,113.7,4.6,263979.7,396872.7,120.0,114.8,114.8,114.8,118.0,1.0,144.0,538.0,4.1,8.2,1.5,1827583.7,118.7,57.7,18.8,100.0,100.0,107.5,108.3,106.3,114.8,107.0,8.4,0.4,114.9,114.9,109.3,4.9,121.4,2.1,121.4,121.4,146.1,547.2,131.6,6.5,142.6,114.4,3.0,122.8,122.8,143.1923575757302,111.0,109.4,projection
Q4 2021,517909.2,589582.2,114.3,4.5,266181.0,400730.7,121.1,115.6,115.6,115.6,119.1,1.1,144.0,538.0,4.1,8.2,1.6,1839475.2,119.8,57.8,18.8,100.0,100.0,107.8,108.7,106.7,115.6,107.4,8.3,0.5,115.8,115.8,109.8,4.9,122.6,2.1,122.6,122.6,146.1,547.2,133.4,6.5,145.2,115.2,3.0,124.1,124.1,145.9125023238988,111.7,110.0,projection
Q1 2022,520755.6,595427.6,114.6,4.5,268458.1,404629.8,122.2,116.3,,,120.3,1.1,144.0,538.0,4.1,8.2,1.7,1851242.2,120.9,,18.8,100.0,100.0,108.3,,,,107.9,8.3,0.5,116.6,,110.2,4.9,123.7,2.1,123.7,,146.1,547.2,135.4,,147.9,116.1,3.0,125.5,,149.00451629640054,,,projection
Q2 2022,523658.8,601380.3,115.5,4.5,270899.8,408511.8,123.3,117.1,,,121.5,1.2,144.0,538.0,4.1,8.1,1.8,1862835.0,122.1,,18.8,100.0,100.0,108.7,,,,108.3,8.3,0.6,117.4,,110.7,4.9,124.8,2.1,124.8,,146.1,547.2,137.3,,150.7,116.9,3.0,126.8,,151.8976445009496,,,projection
Q3 2022,526578.2,607398.0,115.9,4.5,273404.4,412407.8,124.4,117.8,,,122.7,1.2,144.0,538.0,4.1,8.1,1.8,1874300.9,123.2,,18.8,100.0,100.0,109.0,,,,108.8,8.3,0.7,118.3,,111.1,4.9,126.0,2.2,126.0,,146.1,547.2,139.2,,153.5,117.8,3.0,128.2,,154.82274097295402,,,projection
Q4 2022,529513.9,613475.9,116.6,4.5,275932.0,416342.5,125.5,118.5,,,124.0,1.3,144.0,538.0,4.1,8.0,1.9,1885627.6,124.3,,18.8,100.0,100.0,109.4,,,,109.3,8.3,0.7,119.1,,111.6,4.9,127.2,2.2,127.2,,146.1,547.2,141.1,,156.4,118.6,3.0,129.6,,157.7638215786834,,,projection
Q1 2023,532465.9,619608.9,116.9,4.5,278476.7,420315.1,126.6,119.3,,,125.2,1.3,144.0,538.0,4.1,7.9,1.9,1896697.5,125.5,,18.8,100.0,100.0,109.9,,,,109.7,8.3,0.8,120.0,,112.0,4.9,128.4,2.2,128.4,,146.1,547.2,143.2,,159.3,119.5,3.0,131.0,,161.10697540654195,,,projection
Q2 2023,535434.4,625800.6,117.8,4.5,281042.1,424326.5,127.8,120.0,,,126.5,1.4,144.0,538.0,4.1,7.8,2.0,1907543.3,126.7,,18.8,100.0,100.0,110.3,,,,110.2,8.3,0.9,120.9,,112.5,4.9,129.5,2.2,129.5,,146.1,547.2,145.2,,162.2,120.4,3.0,132.4,,164.2350895475327,,,projection
Q3 2023,538419.5,632052.1,118.3,4.5,283628.7,428377.3,128.9,120.8,,,127.7,1.4,144.0,538.0,4.1,7.7,2.0,1918249.8,127.8,,18.8,100.0,100.0,110.7,,,,110.7,8.3,0.9,121.7,,112.9,4.9,130.8,2.2,130.8,,146.1,547.2,147.3,,165.2,121.2,3.0,133.9,,167.39776848566342,,,projection
Q4 2023,541421.2,638364.4,118.9,4.5,286237.0,432467.8,130.1,121.5,,,129.0,1.5,144.0,538.0,4.1,7.6,2.1,1928809.2,129.0,,18.8,100.0,100.0,111.1,,,,111.2,8.3,1.0,122.6,,113.4,4.9,132.0,2.2,132.0,,146.1,547.2,149.3,,168.3,122.1,3.0,135.3,,170.57772982236114,,,projection
Q1 2024,544439.6,644738.4,119.2,4.5,288867.7,436598.5,131.3,122.3,,,130.3,1.5,144.0,538.0,4.1,7.6,2.1,1939102.6,130.3,,18.8,100.0,100.0,111.5,,,,111.7,8.3,1.1,123.5,,113.8,4.9,133.2,2.3,133.2,,146.1,547.2,151.6,,171.4,123.0,3.0,136.8,,174.1924216109892,,,projection
Q2 2024,547474.8,651174.9,120.2,4.5,291521.2,440769.9,132.4,123.0,,,131.6,1.5,144.0,538.0,4.1,7.5,2.2,1949163.3,131.5,,18.8,100.0,100.0,111.9,,,,112.2,8.3,1.1,124.4,,114.3,4.9,134.4,2.3,134.4,,146.1,547.2,153.7,,174.6,123.9,3.0,138.3,,177.57460773868328,,,projection
Q3 2024,550527.0,657674.6,120.6,4.5,294197.7,444982.4,133.6,123.8,,,132.9,1.6,144.0,538.0,4.1,7.4,2.2,1959078.9,132.7,,18.8,100.0,100.0,112.3,,,,112.7,8.3,1.2,125.3,,114.8,4.9,135.7,2.3,135.7,,146.1,547.2,155.8,,177.9,124.8,3.0,139.8,,180.99416608878494,,,projection
Q4 2024,553596.2,664238.5,121.3,4.5,296897.7,449236.5,134.8,124.6,,,134.2,1.6,144.0,538.0,4.1,7.4,2.3,1968840.9,133.9,,18.8,100.0,100.0,112.7,,,,113.2,8.3,1.2,126.2,,115.2,4.9,136.9,2.3,136.9,,146.1,547.2,158.0,,181.2,125.7,3.0,141.3,,184.43241055008713,,,projection
Q1 2025,556682.5,670867.2,121.6,4.5,299621.5,453532.5,136.1,125.4,,,135.6,1.6,144.0,538.0,4.1,7.3,2.3,1978324.9,135.2,,18.8,100.0,100.0,113.2,,,,113.7,8.3,1.3,127.1,,115.7,4.9,138.2,2.3,138.2,,146.1,547.2,160.3,,184.6,126.6,3.0,142.8,,188.3406951817711,,,projection
Q2 2025,559786.0,677561.4,122.6,4.5,302369.3,457871.0,137.3,126.2,,,136.9,1.7,144.0,538.0,4.1,7.2,2.4,1987565.2,136.4,,18.8,100.0,100.0,113.6,,,,114.3,8.3,1.4,128.0,,116.2,4.9,139.5,2.3,139.5,,146.1,547.2,162.6,,188.0,127.5,3.0,144.4,,191.99758955543462,,,projection
Q3 2025,562906.8,684321.9,123.0,4.5,305141.5,462252.3,138.5,126.9,,,138.3,1.7,144.0,538.0,4.1,7.2,2.5,1996652.5,137.7,,18.8,100.0,100.0,114.0,,,,114.8,8.3,1.4,128.9,,116.6,4.9,140.8,2.4,140.8,,146.1,547.2,164.8,,191.5,128.5,3.0,145.9,,195.69489160173757,,,projection
Q4 2025,566045.0,691149.3,123.7,4.5,307938.2,466677.0,139.8,127.7,,,139.7,1.7,144.0,538.0,4.1,7.2,2.6,2005577.7,139.0,,18.8,100.0,100.0,114.4,,,,115.3,8.3,1.4,129.8,,117.1,4.9,142.1,2.4,142.1,,146.1,547.2,167.1,,195.0,129.4,3.0,147.5,,199.41239748435672,,,projection
Q1 2026,569200.7,698044.3,124.0,4.5,310759.7,471145.4,141.0,128.5,,,141.1,1.7,144.0,538.0,4.1,7.1,2.7,2014210.8,140.3,,18.8,100.0,100.0,114.8,,,,115.9,8.3,1.5,130.8,,117.6,4.9,143.4,2.4,143.4,,146.1,547.2,169.6,,198.7,130.4,3.0,149.1,,203.63812118514693,,,projection
Q2 2026,572374.0,705007.7,125.1,4.5,313606.3,475657.9,142.3,129.3,,,142.5,1.8,144.0,538.0,4.1,7.1,2.7,2022587.4,141.6,,18.8,100.0,100.0,115.3,,,,116.4,8.3,1.5,131.7,,118.0,4.9,144.8,2.4,144.8,,146.1,547.2,172.0,,202.4,131.3,3.0,150.7,,207.59203618427478,,,projection
Q3 2026,575565.0,712040.1,125.5,4.5,316478.2,480215.1,143.6,130.1,,,143.9,1.8,144.0,538.0,4.1,7.0,2.8,2030801.7,142.9,,18.8,100.0,100.0,115.7,,,,117.0,8.3,1.6,132.7,,118.5,4.9,146.1,2.4,146.1,,146.1,547.2,174.4,,206.1,132.2,3.0,152.3,,211.58964085190374,,,projection
Q4 2026,578773.8,719142.2,126.2,4.5,319375.5,484817.5,144.9,131.0,,,145.3,1.8,144.0,538.0,4.1,7.0,2.9,2038843.7,144.2,,18.8,100.0,100.0,116.1,,,,117.5,8.3,1.6,133.6,,119.0,4.9,147.5,2.4,147.5,,146.1,547.2,176.8,,210.0,133.2,3.0,154.0,,215.60909035377944,,,projection
